"(0, 0) -> (32, 32)",4,3242183
"(0, 0) -> (32, 32)",8,3367799
"(0, 0) -> (32, 32)",16,4443297
"(0, 0) -> (32, 32)",32,6923911
"(0, 32) -> (32, 64)",4,3245783
"(0, 32) -> (32, 64)",8,3371099
"(0, 32) -> (32, 64)",16,4446447
"(0, 32) -> (32, 64)",32,6927061
"(0, 64) -> (32, 96)",4,3375967
"(0, 64) -> (32, 96)",8,3436191
"(0, 64) -> (32, 96)",16,4446447
"(0, 64) -> (32, 96)",32,6927061
"(0, 96) -> (32, 128)",4,3375967
"(0, 96) -> (32, 128)",8,3436191
"(0, 96) -> (32, 128)",16,4446447
"(0, 96) -> (32, 128)",32,6927061
"(0, 128) -> (32, 160)",4,3506151
"(0, 128) -> (32, 160)",8,3371099
"(0, 128) -> (32, 160)",16,4511539
"(0, 128) -> (32, 160)",32,6927061
"(0, 160) -> (32, 192)",4,3506151
"(0, 160) -> (32, 192)",8,3501283
"(0, 160) -> (32, 192)",16,4478993
"(0, 160) -> (32, 192)",32,6927061
"(0, 192) -> (32, 224)",4,3506151
"(0, 192) -> (32, 224)",8,3501283
"(0, 192) -> (32, 224)",16,4478993
"(0, 192) -> (32, 224)",32,6959607
"(0, 224) -> (32, 256)",4,3644839
"(0, 224) -> (32, 256)",8,3504283
"(0, 224) -> (32, 256)",16,4481993
"(0, 224) -> (32, 256)",32,6930061
"(0, 256) -> (32, 288)",4,3512151
"(0, 256) -> (32, 288)",8,3442191
"(0, 256) -> (32, 288)",16,4452447
"(0, 256) -> (32, 288)",32,6933061
"(0, 288) -> (32, 320)",4,3512151
"(0, 288) -> (32, 320)",8,3507283
"(0, 288) -> (32, 320)",16,4517539
"(0, 288) -> (32, 320)",32,6965607
"(0, 320) -> (32, 352)",4,3647839
"(0, 320) -> (32, 352)",8,3507283
"(0, 320) -> (32, 352)",16,4517539
"(0, 320) -> (32, 352)",32,6933061
"(0, 352) -> (32, 384)",4,3647839
"(0, 352) -> (32, 384)",8,3507283
"(0, 352) -> (32, 384)",16,4517539
"(0, 352) -> (32, 384)",32,6933061
"(0, 384) -> (32, 416)",4,3783527
"(0, 384) -> (32, 416)",8,3442191
"(0, 384) -> (32, 416)",16,4517539
"(0, 384) -> (32, 416)",32,6965607
"(0, 416) -> (32, 448)",4,3647839
"(0, 416) -> (32, 448)",8,3575127
"(0, 416) -> (32, 448)",16,4517539
"(0, 416) -> (32, 448)",32,6933061
"(0, 448) -> (32, 480)",4,3647839
"(0, 448) -> (32, 480)",8,3575127
"(0, 448) -> (32, 480)",16,4517539
"(0, 448) -> (32, 480)",32,6999529
"(0, 480) -> (32, 512)",4,3783527
"(0, 480) -> (32, 512)",8,3642971
"(0, 480) -> (32, 512)",16,4518915
"(0, 480) -> (32, 512)",32,6933061
"(32, 0) -> (64, 32)",4,3505701
"(32, 0) -> (64, 32)",8,3501133
"(32, 0) -> (64, 32)",16,4478993
"(32, 0) -> (64, 32)",32,6927061
"(32, 32) -> (64, 64)",4,3509301
"(32, 32) -> (64, 64)",8,3572277
"(32, 32) -> (64, 64)",16,4514689
"(32, 32) -> (64, 64)",32,6930211
"(32, 64) -> (64, 96)",4,3780677
"(32, 64) -> (64, 96)",8,3504433
"(32, 64) -> (64, 96)",16,4514689
"(32, 64) -> (64, 96)",32,6996679
"(32, 96) -> (64, 128)",4,3644989
"(32, 96) -> (64, 128)",8,3640121
"(32, 96) -> (64, 128)",16,4514689
"(32, 96) -> (64, 128)",32,6962757
"(32, 128) -> (64, 160)",4,3509301
"(32, 128) -> (64, 160)",8,3504433
"(32, 128) -> (64, 160)",16,4514689
"(32, 128) -> (64, 160)",32,6962757
"(32, 160) -> (64, 192)",4,3509301
"(32, 160) -> (64, 192)",8,3504433
"(32, 160) -> (64, 192)",16,4514689
"(32, 160) -> (64, 192)",32,6962757
"(32, 192) -> (64, 224)",4,3780677
"(32, 192) -> (64, 224)",8,3572277
"(32, 192) -> (64, 224)",16,4514689
"(32, 192) -> (64, 224)",32,6962757
"(32, 224) -> (64, 256)",4,3647989
"(32, 224) -> (64, 256)",8,3575277
"(32, 224) -> (64, 256)",16,4551611
"(32, 224) -> (64, 256)",32,6933211
"(32, 256) -> (64, 288)",4,3786677
"(32, 256) -> (64, 288)",8,3578277
"(32, 256) -> (64, 288)",16,4520689
"(32, 256) -> (64, 288)",32,6968757
"(32, 288) -> (64, 320)",4,3786677
"(32, 288) -> (64, 320)",8,3510433
"(32, 288) -> (64, 320)",16,4554611
"(32, 288) -> (64, 320)",32,6968757
"(32, 320) -> (64, 352)",4,3650989
"(32, 320) -> (64, 352)",8,3510433
"(32, 320) -> (64, 352)",16,4520689
"(32, 320) -> (64, 352)",32,6936211
"(32, 352) -> (64, 384)",4,3786677
"(32, 352) -> (64, 384)",8,3578277
"(32, 352) -> (64, 384)",16,4520689
"(32, 352) -> (64, 384)",32,6968757
"(32, 384) -> (64, 416)",4,3927869
"(32, 384) -> (64, 416)",8,3646121
"(32, 384) -> (64, 416)",16,4520689
"(32, 384) -> (64, 416)",32,7002679
"(32, 416) -> (64, 448)",4,3650989
"(32, 416) -> (64, 448)",8,3578277
"(32, 416) -> (64, 448)",16,4520689
"(32, 416) -> (64, 448)",32,6968757
"(32, 448) -> (64, 480)",4,3650989
"(32, 448) -> (64, 480)",8,3646121
"(32, 448) -> (64, 480)",16,4520689
"(32, 448) -> (64, 480)",32,7002679
"(32, 480) -> (64, 512)",4,3786677
"(32, 480) -> (64, 512)",8,3646121
"(32, 480) -> (64, 512)",16,4554611
"(32, 480) -> (64, 512)",32,6936211
"(64, 0) -> (96, 32)",4,3641389
"(64, 0) -> (96, 32)",8,3501133
"(64, 0) -> (96, 32)",16,4545461
"(64, 0) -> (96, 32)",32,6959607
"(64, 32) -> (96, 64)",4,3780677
"(64, 32) -> (96, 64)",8,3572277
"(64, 32) -> (96, 64)",16,4514689
"(64, 32) -> (96, 64)",32,6962757
"(64, 64) -> (96, 96)",4,3780677
"(64, 64) -> (96, 96)",8,3504433
"(64, 64) -> (96, 96)",16,4514689
"(64, 64) -> (96, 96)",32,6996679
"(64, 96) -> (96, 128)",4,3644989
"(64, 96) -> (96, 128)",8,3640121
"(64, 96) -> (96, 128)",16,4514689
"(64, 96) -> (96, 128)",32,6962757
"(64, 128) -> (96, 160)",4,3509301
"(64, 128) -> (96, 160)",8,3572277
"(64, 128) -> (96, 160)",16,4514689
"(64, 128) -> (96, 160)",32,6962757
"(64, 160) -> (96, 192)",4,3644989
"(64, 160) -> (96, 192)",8,3504433
"(64, 160) -> (96, 192)",16,4514689
"(64, 160) -> (96, 192)",32,6962757
"(64, 192) -> (96, 224)",4,3780677
"(64, 192) -> (96, 224)",8,3572277
"(64, 192) -> (96, 224)",16,4582533
"(64, 192) -> (96, 224)",32,6962757
"(64, 224) -> (96, 256)",4,3924869
"(64, 224) -> (96, 256)",8,3643121
"(64, 224) -> (96, 256)",16,4585533
"(64, 224) -> (96, 256)",32,6965757
"(64, 256) -> (96, 288)",4,3786677
"(64, 256) -> (96, 288)",8,3578277
"(64, 256) -> (96, 288)",16,4520689
"(64, 256) -> (96, 288)",32,6968757
"(64, 288) -> (96, 320)",4,3786677
"(64, 288) -> (96, 320)",8,3510433
"(64, 288) -> (96, 320)",16,4554611
"(64, 288) -> (96, 320)",32,6968757
"(64, 320) -> (96, 352)",4,3650989
"(64, 320) -> (96, 352)",8,3578277
"(64, 320) -> (96, 352)",16,4520689
"(64, 320) -> (96, 352)",32,6936211
"(64, 352) -> (96, 384)",4,3786677
"(64, 352) -> (96, 384)",8,3578277
"(64, 352) -> (96, 384)",16,4554611
"(64, 352) -> (96, 384)",32,6968757
"(64, 384) -> (96, 416)",4,3927869
"(64, 384) -> (96, 416)",8,3646121
"(64, 384) -> (96, 416)",16,4520689
"(64, 384) -> (96, 416)",32,7002679
"(64, 416) -> (96, 448)",4,3650989
"(64, 416) -> (96, 448)",8,3646121
"(64, 416) -> (96, 448)",16,4520689
"(64, 416) -> (96, 448)",32,6968757
"(64, 448) -> (96, 480)",4,3650989
"(64, 448) -> (96, 480)",8,3646121
"(64, 448) -> (96, 480)",16,4554611
"(64, 448) -> (96, 480)",32,7002679
"(64, 480) -> (96, 512)",4,3786677
"(64, 480) -> (96, 512)",8,3646121
"(64, 480) -> (96, 512)",16,4554611
"(64, 480) -> (96, 512)",32,6936211
"(96, 0) -> (128, 32)",4,3641389
"(96, 0) -> (128, 32)",8,3501133
"(96, 0) -> (128, 32)",16,4579383
"(96, 0) -> (128, 32)",32,6959607
"(96, 32) -> (128, 64)",4,3780677
"(96, 32) -> (128, 64)",8,3572277
"(96, 32) -> (128, 64)",16,4548611
"(96, 32) -> (128, 64)",32,6996679
"(96, 64) -> (128, 96)",4,3780677
"(96, 64) -> (128, 96)",8,3504433
"(96, 64) -> (128, 96)",16,4514689
"(96, 64) -> (128, 96)",32,6996679
"(96, 96) -> (128, 128)",4,3780677
"(96, 96) -> (128, 128)",8,3640121
"(96, 96) -> (128, 128)",16,4514689
"(96, 96) -> (128, 128)",32,6962757
"(96, 128) -> (128, 160)",4,3780677
"(96, 128) -> (128, 160)",8,3572277
"(96, 128) -> (128, 160)",16,4514689
"(96, 128) -> (128, 160)",32,6962757
"(96, 160) -> (128, 192)",4,3644989
"(96, 160) -> (128, 192)",8,3572277
"(96, 160) -> (128, 192)",16,4514689
"(96, 160) -> (128, 192)",32,6962757
"(96, 192) -> (128, 224)",4,3780677
"(96, 192) -> (128, 224)",8,3572277
"(96, 192) -> (128, 224)",16,4582533
"(96, 192) -> (128, 224)",32,6962757
"(96, 224) -> (128, 256)",4,3924869
"(96, 224) -> (128, 256)",8,3643121
"(96, 224) -> (128, 256)",16,4585533
"(96, 224) -> (128, 256)",32,6965757
"(96, 256) -> (128, 288)",4,3786677
"(96, 256) -> (128, 288)",8,3578277
"(96, 256) -> (128, 288)",16,4520689
"(96, 256) -> (128, 288)",32,6968757
"(96, 288) -> (128, 320)",4,3786677
"(96, 288) -> (128, 320)",8,3578277
"(96, 288) -> (128, 320)",16,4554611
"(96, 288) -> (128, 320)",32,6968757
"(96, 320) -> (128, 352)",4,3650989
"(96, 320) -> (128, 352)",8,3578277
"(96, 320) -> (128, 352)",16,4554611
"(96, 320) -> (128, 352)",32,7002679
"(96, 352) -> (128, 384)",4,3786677
"(96, 352) -> (128, 384)",8,3578277
"(96, 352) -> (128, 384)",16,4554611
"(96, 352) -> (128, 384)",32,6968757
"(96, 384) -> (128, 416)",4,3927869
"(96, 384) -> (128, 416)",8,3646121
"(96, 384) -> (128, 416)",16,4520689
"(96, 384) -> (128, 416)",32,7002679
"(96, 416) -> (128, 448)",4,3792181
"(96, 416) -> (128, 448)",8,3646121
"(96, 416) -> (128, 448)",16,4520689
"(96, 416) -> (128, 448)",32,6968757
"(96, 448) -> (128, 480)",4,3786677
"(96, 448) -> (128, 480)",8,3646121
"(96, 448) -> (128, 480)",16,4554611
"(96, 448) -> (128, 480)",32,7002679
"(96, 480) -> (128, 512)",4,3786677
"(96, 480) -> (128, 512)",8,3646121
"(96, 480) -> (128, 512)",16,4554611
"(96, 480) -> (128, 512)",32,6968757
"(128, 0) -> (160, 32)",4,3641389
"(128, 0) -> (160, 32)",8,3501133
"(128, 0) -> (160, 32)",16,4579383
"(128, 0) -> (160, 32)",32,6959607
"(128, 32) -> (160, 64)",4,3780677
"(128, 32) -> (160, 64)",8,3572277
"(128, 32) -> (160, 64)",16,4548611
"(128, 32) -> (160, 64)",32,6996679
"(128, 64) -> (160, 96)",4,3780677
"(128, 64) -> (160, 96)",8,3504433
"(128, 64) -> (160, 96)",16,4514689
"(128, 64) -> (160, 96)",32,6996679
"(128, 96) -> (160, 128)",4,3780677
"(128, 96) -> (160, 128)",8,3710717
"(128, 96) -> (160, 128)",16,4582533
"(128, 96) -> (160, 128)",32,6962757
"(128, 128) -> (160, 160)",4,3780677
"(128, 128) -> (160, 160)",8,3640121
"(128, 128) -> (160, 160)",16,4514689
"(128, 128) -> (160, 160)",32,6962757
"(128, 160) -> (160, 192)",4,3780677
"(128, 160) -> (160, 192)",8,3572277
"(128, 160) -> (160, 192)",16,4514689
"(128, 160) -> (160, 192)",32,6962757
"(128, 192) -> (160, 224)",4,3780677
"(128, 192) -> (160, 224)",8,3572277
"(128, 192) -> (160, 224)",16,4582533
"(128, 192) -> (160, 224)",32,6962757
"(128, 224) -> (160, 256)",4,3924869
"(128, 224) -> (160, 256)",8,3643121
"(128, 224) -> (160, 256)",16,4585533
"(128, 224) -> (160, 256)",32,6965757
"(128, 256) -> (160, 288)",4,3786677
"(128, 256) -> (160, 288)",8,3578277
"(128, 256) -> (160, 288)",16,4520689
"(128, 256) -> (160, 288)",32,6968757
"(128, 288) -> (160, 320)",4,3927869
"(128, 288) -> (160, 320)",8,3578277
"(128, 288) -> (160, 320)",16,4554611
"(128, 288) -> (160, 320)",32,6968757
"(128, 320) -> (160, 352)",4,3650989
"(128, 320) -> (160, 352)",8,3578277
"(128, 320) -> (160, 352)",16,4554611
"(128, 320) -> (160, 352)",32,7002679
"(128, 352) -> (160, 384)",4,3786677
"(128, 352) -> (160, 384)",8,3578277
"(128, 352) -> (160, 384)",16,4588533
"(128, 352) -> (160, 384)",32,6968757
"(128, 384) -> (160, 416)",4,4069061
"(128, 384) -> (160, 416)",8,3646121
"(128, 384) -> (160, 416)",16,4520689
"(128, 384) -> (160, 416)",32,7002679
"(128, 416) -> (160, 448)",4,3927869
"(128, 416) -> (160, 448)",8,3646121
"(128, 416) -> (160, 448)",16,4520689
"(128, 416) -> (160, 448)",32,6968757
"(128, 448) -> (160, 480)",4,3786677
"(128, 448) -> (160, 480)",8,3646121
"(128, 448) -> (160, 480)",16,4554611
"(128, 448) -> (160, 480)",32,7002679
"(128, 480) -> (160, 512)",4,3786677
"(128, 480) -> (160, 512)",8,3646121
"(128, 480) -> (160, 512)",16,4588533
"(128, 480) -> (160, 512)",32,7037977
"(160, 0) -> (192, 32)",4,3641389
"(160, 0) -> (192, 32)",8,3568977
"(160, 0) -> (192, 32)",16,4579383
"(160, 0) -> (192, 32)",32,6959607
"(160, 32) -> (192, 64)",4,3780677
"(160, 32) -> (192, 64)",8,3640121
"(160, 32) -> (192, 64)",16,4583909
"(160, 32) -> (192, 64)",32,6996679
"(160, 64) -> (192, 96)",4,3780677
"(160, 64) -> (192, 96)",8,3504433
"(160, 64) -> (192, 96)",16,4514689
"(160, 64) -> (192, 96)",32,6996679
"(160, 96) -> (192, 128)",4,3780677
"(160, 96) -> (192, 128)",8,3710717
"(160, 96) -> (192, 128)",16,4582533
"(160, 96) -> (192, 128)",32,6962757
"(160, 128) -> (192, 160)",4,3780677
"(160, 128) -> (192, 160)",8,3640121
"(160, 128) -> (192, 160)",16,4514689
"(160, 128) -> (192, 160)",32,6962757
"(160, 160) -> (192, 192)",4,3780677
"(160, 160) -> (192, 192)",8,3572277
"(160, 160) -> (192, 192)",16,4514689
"(160, 160) -> (192, 192)",32,6962757
"(160, 192) -> (192, 224)",4,3780677
"(160, 192) -> (192, 224)",8,3572277
"(160, 192) -> (192, 224)",16,4582533
"(160, 192) -> (192, 224)",32,6962757
"(160, 224) -> (192, 256)",4,3924869
"(160, 224) -> (192, 256)",8,3643121
"(160, 224) -> (192, 256)",16,4585533
"(160, 224) -> (192, 256)",32,6965757
"(160, 256) -> (192, 288)",4,3786677
"(160, 256) -> (192, 288)",8,3578277
"(160, 256) -> (192, 288)",16,4520689
"(160, 256) -> (192, 288)",32,6968757
"(160, 288) -> (192, 320)",4,3927869
"(160, 288) -> (192, 320)",8,3578277
"(160, 288) -> (192, 320)",16,4554611
"(160, 288) -> (192, 320)",32,6968757
"(160, 320) -> (192, 352)",4,3650989
"(160, 320) -> (192, 352)",8,3578277
"(160, 320) -> (192, 352)",16,4554611
"(160, 320) -> (192, 352)",32,7002679
"(160, 352) -> (192, 384)",4,3786677
"(160, 352) -> (192, 384)",8,3578277
"(160, 352) -> (192, 384)",16,4588533
"(160, 352) -> (192, 384)",32,6968757
"(160, 384) -> (192, 416)",4,4069061
"(160, 384) -> (192, 416)",8,3646121
"(160, 384) -> (192, 416)",16,4520689
"(160, 384) -> (192, 416)",32,7002679
"(160, 416) -> (192, 448)",4,3927869
"(160, 416) -> (192, 448)",8,3646121
"(160, 416) -> (192, 448)",16,4520689
"(160, 416) -> (192, 448)",32,7002679
"(160, 448) -> (192, 480)",4,3786677
"(160, 448) -> (192, 480)",8,3716717
"(160, 448) -> (192, 480)",16,4554611
"(160, 448) -> (192, 480)",32,7002679
"(160, 480) -> (192, 512)",4,3786677
"(160, 480) -> (192, 512)",8,3646121
"(160, 480) -> (192, 512)",16,4588533
"(160, 480) -> (192, 512)",32,7037977
"(192, 0) -> (224, 32)",4,3777077
"(192, 0) -> (224, 32)",8,3568977
"(192, 0) -> (224, 32)",16,4579383
"(192, 0) -> (224, 32)",32,6959607
"(192, 32) -> (224, 64)",4,3921869
"(192, 32) -> (224, 64)",8,3640121
"(192, 32) -> (224, 64)",16,4583909
"(192, 32) -> (224, 64)",32,6996679
"(192, 64) -> (224, 96)",4,3780677
"(192, 64) -> (224, 96)",8,3504433
"(192, 64) -> (224, 96)",16,4514689
"(192, 64) -> (224, 96)",32,6996679
"(192, 96) -> (224, 128)",4,3780677
"(192, 96) -> (224, 128)",8,3710717
"(192, 96) -> (224, 128)",16,4582533
"(192, 96) -> (224, 128)",32,6962757
"(192, 128) -> (224, 160)",4,3780677
"(192, 128) -> (224, 160)",8,3640121
"(192, 128) -> (224, 160)",16,4514689
"(192, 128) -> (224, 160)",32,6962757
"(192, 160) -> (224, 192)",4,3780677
"(192, 160) -> (224, 192)",8,3640121
"(192, 160) -> (224, 192)",16,4514689
"(192, 160) -> (224, 192)",32,6962757
"(192, 192) -> (224, 224)",4,3780677
"(192, 192) -> (224, 224)",8,3572277
"(192, 192) -> (224, 224)",16,4582533
"(192, 192) -> (224, 224)",32,6962757
"(192, 224) -> (224, 256)",4,3924869
"(192, 224) -> (224, 256)",8,3643121
"(192, 224) -> (224, 256)",16,4585533
"(192, 224) -> (224, 256)",32,6965757
"(192, 256) -> (224, 288)",4,3786677
"(192, 256) -> (224, 288)",8,3646121
"(192, 256) -> (224, 288)",16,4520689
"(192, 256) -> (224, 288)",32,6968757
"(192, 288) -> (224, 320)",4,3927869
"(192, 288) -> (224, 320)",8,3578277
"(192, 288) -> (224, 320)",16,4554611
"(192, 288) -> (224, 320)",32,6968757
"(192, 320) -> (224, 352)",4,3650989
"(192, 320) -> (224, 352)",8,3578277
"(192, 320) -> (224, 352)",16,4554611
"(192, 320) -> (224, 352)",32,7002679
"(192, 352) -> (224, 384)",4,3786677
"(192, 352) -> (224, 384)",8,3578277
"(192, 352) -> (224, 384)",16,4588533
"(192, 352) -> (224, 384)",32,6968757
"(192, 384) -> (224, 416)",4,4069061
"(192, 384) -> (224, 416)",8,3646121
"(192, 384) -> (224, 416)",16,4520689
"(192, 384) -> (224, 416)",32,7002679
"(192, 416) -> (224, 448)",4,3927869
"(192, 416) -> (224, 448)",8,3646121
"(192, 416) -> (224, 448)",16,4520689
"(192, 416) -> (224, 448)",32,7002679
"(192, 448) -> (224, 480)",4,3786677
"(192, 448) -> (224, 480)",8,3716717
"(192, 448) -> (224, 480)",16,4554611
"(192, 448) -> (224, 480)",32,7002679
"(192, 480) -> (224, 512)",4,3786677
"(192, 480) -> (224, 512)",8,3646121
"(192, 480) -> (224, 512)",16,4588533
"(192, 480) -> (224, 512)",32,7037977
"(224, 0) -> (256, 32)",4,3780077
"(224, 0) -> (256, 32)",8,3571977
"(224, 0) -> (256, 32)",16,4582383
"(224, 0) -> (256, 32)",32,6962607
"(224, 32) -> (256, 64)",4,3924869
"(224, 32) -> (256, 64)",8,3643121
"(224, 32) -> (256, 64)",16,4586909
"(224, 32) -> (256, 64)",32,6999679
"(224, 64) -> (256, 96)",4,3783677
"(224, 64) -> (256, 96)",8,3507433
"(224, 64) -> (256, 96)",16,4517689
"(224, 64) -> (256, 96)",32,6999679
"(224, 96) -> (256, 128)",4,3783677
"(224, 96) -> (256, 128)",8,3713717
"(224, 96) -> (256, 128)",16,4585533
"(224, 96) -> (256, 128)",32,6965757
"(224, 128) -> (256, 160)",4,3783677
"(224, 128) -> (256, 160)",8,3643121
"(224, 128) -> (256, 160)",16,4517689
"(224, 128) -> (256, 160)",32,6965757
"(224, 160) -> (256, 192)",4,3783677
"(224, 160) -> (256, 192)",8,3643121
"(224, 160) -> (256, 192)",16,4517689
"(224, 160) -> (256, 192)",32,6965757
"(224, 192) -> (256, 224)",4,3783677
"(224, 192) -> (256, 224)",8,3643121
"(224, 192) -> (256, 224)",16,4585533
"(224, 192) -> (256, 224)",32,6965757
"(224, 224) -> (256, 256)",4,3927869
"(224, 224) -> (256, 256)",8,3716717
"(224, 224) -> (256, 256)",16,4588533
"(224, 224) -> (256, 256)",32,7002679
"(224, 256) -> (256, 288)",4,3789677
"(224, 256) -> (256, 288)",8,3649121
"(224, 256) -> (256, 288)",16,4591533
"(224, 256) -> (256, 288)",32,6971757
"(224, 288) -> (256, 320)",4,3930869
"(224, 288) -> (256, 320)",8,3581277
"(224, 288) -> (256, 320)",16,4557611
"(224, 288) -> (256, 320)",32,6971757
"(224, 320) -> (256, 352)",4,3789677
"(224, 320) -> (256, 352)",8,3581277
"(224, 320) -> (256, 352)",16,4591533
"(224, 320) -> (256, 352)",32,7005679
"(224, 352) -> (256, 384)",4,3789677
"(224, 352) -> (256, 384)",8,3581277
"(224, 352) -> (256, 384)",16,4591533
"(224, 352) -> (256, 384)",32,6971757
"(224, 384) -> (256, 416)",4,4072061
"(224, 384) -> (256, 416)",8,3649121
"(224, 384) -> (256, 416)",16,4523689
"(224, 384) -> (256, 416)",32,7005679
"(224, 416) -> (256, 448)",4,3930869
"(224, 416) -> (256, 448)",8,3649121
"(224, 416) -> (256, 448)",16,4523689
"(224, 416) -> (256, 448)",32,7005679
"(224, 448) -> (256, 480)",4,3789677
"(224, 448) -> (256, 480)",8,3719717
"(224, 448) -> (256, 480)",16,4591533
"(224, 448) -> (256, 480)",32,7005679
"(224, 480) -> (256, 512)",4,3789677
"(224, 480) -> (256, 512)",8,3649121
"(224, 480) -> (256, 512)",16,4591533
"(224, 480) -> (256, 512)",32,7040977
"(256, 0) -> (288, 32)",4,3783077
"(256, 0) -> (288, 32)",8,3574977
"(256, 0) -> (288, 32)",16,4585383
"(256, 0) -> (288, 32)",32,6965607
"(256, 32) -> (288, 64)",4,3927869
"(256, 32) -> (288, 64)",8,3646121
"(256, 32) -> (288, 64)",16,4589909
"(256, 32) -> (288, 64)",32,7002679
"(256, 64) -> (288, 96)",4,3786677
"(256, 64) -> (288, 96)",8,3510433
"(256, 64) -> (288, 96)",16,4520689
"(256, 64) -> (288, 96)",32,7002679
"(256, 96) -> (288, 128)",4,3786677
"(256, 96) -> (288, 128)",8,3716717
"(256, 96) -> (288, 128)",16,4588533
"(256, 96) -> (288, 128)",32,6968757
"(256, 128) -> (288, 160)",4,3786677
"(256, 128) -> (288, 160)",8,3646121
"(256, 128) -> (288, 160)",16,4520689
"(256, 128) -> (288, 160)",32,6968757
"(256, 160) -> (288, 192)",4,3786677
"(256, 160) -> (288, 192)",8,3646121
"(256, 160) -> (288, 192)",16,4520689
"(256, 160) -> (288, 192)",32,6968757
"(256, 192) -> (288, 224)",4,3786677
"(256, 192) -> (288, 224)",8,3646121
"(256, 192) -> (288, 224)",16,4623831
"(256, 192) -> (288, 224)",32,6968757
"(256, 224) -> (288, 256)",4,3930869
"(256, 224) -> (288, 256)",8,3719717
"(256, 224) -> (288, 256)",16,4591533
"(256, 224) -> (288, 256)",32,7005679
"(256, 256) -> (288, 288)",4,3792677
"(256, 256) -> (288, 288)",8,3652121
"(256, 256) -> (288, 288)",16,4594533
"(256, 256) -> (288, 288)",32,6974757
"(256, 288) -> (288, 320)",4,3933869
"(256, 288) -> (288, 320)",8,3584277
"(256, 288) -> (288, 320)",16,4560611
"(256, 288) -> (288, 320)",32,6974757
"(256, 320) -> (288, 352)",4,3792677
"(256, 320) -> (288, 352)",8,3584277
"(256, 320) -> (288, 352)",16,4594533
"(256, 320) -> (288, 352)",32,7008679
"(256, 352) -> (288, 384)",4,3792677
"(256, 352) -> (288, 384)",8,3584277
"(256, 352) -> (288, 384)",16,4594533
"(256, 352) -> (288, 384)",32,6974757
"(256, 384) -> (288, 416)",4,4075061
"(256, 384) -> (288, 416)",8,3652121
"(256, 384) -> (288, 416)",16,4526689
"(256, 384) -> (288, 416)",32,7008679
"(256, 416) -> (288, 448)",4,3933869
"(256, 416) -> (288, 448)",8,3652121
"(256, 416) -> (288, 448)",16,4526689
"(256, 416) -> (288, 448)",32,7008679
"(256, 448) -> (288, 480)",4,3792677
"(256, 448) -> (288, 480)",8,3722717
"(256, 448) -> (288, 480)",16,4594533
"(256, 448) -> (288, 480)",32,7008679
"(256, 480) -> (288, 512)",4,3792677
"(256, 480) -> (288, 512)",8,3652121
"(256, 480) -> (288, 512)",16,4594533
"(256, 480) -> (288, 512)",32,7043977
"(288, 0) -> (320, 32)",4,3783077
"(288, 0) -> (320, 32)",8,3574977
"(288, 0) -> (320, 32)",16,4585383
"(288, 0) -> (320, 32)",32,6965607
"(288, 32) -> (320, 64)",4,3927869
"(288, 32) -> (320, 64)",8,3646121
"(288, 32) -> (320, 64)",16,4589909
"(288, 32) -> (320, 64)",32,7002679
"(288, 64) -> (320, 96)",4,3786677
"(288, 64) -> (320, 96)",8,3578277
"(288, 64) -> (320, 96)",16,4520689
"(288, 64) -> (320, 96)",32,7002679
"(288, 96) -> (320, 128)",4,3786677
"(288, 96) -> (320, 128)",8,3716717
"(288, 96) -> (320, 128)",16,4588533
"(288, 96) -> (320, 128)",32,6968757
"(288, 128) -> (320, 160)",4,3786677
"(288, 128) -> (320, 160)",8,3646121
"(288, 128) -> (320, 160)",16,4520689
"(288, 128) -> (320, 160)",32,6968757
"(288, 160) -> (320, 192)",4,3786677
"(288, 160) -> (320, 192)",8,3646121
"(288, 160) -> (320, 192)",16,4520689
"(288, 160) -> (320, 192)",32,6968757
"(288, 192) -> (320, 224)",4,3786677
"(288, 192) -> (320, 224)",8,3646121
"(288, 192) -> (320, 224)",16,4623831
"(288, 192) -> (320, 224)",32,6968757
"(288, 224) -> (320, 256)",4,3930869
"(288, 224) -> (320, 256)",8,3719717
"(288, 224) -> (320, 256)",16,4591533
"(288, 224) -> (320, 256)",32,7005679
"(288, 256) -> (320, 288)",4,3933869
"(288, 256) -> (320, 288)",8,3652121
"(288, 256) -> (320, 288)",16,4594533
"(288, 256) -> (320, 288)",32,6974757
"(288, 288) -> (320, 320)",4,3933869
"(288, 288) -> (320, 320)",8,3652121
"(288, 288) -> (320, 320)",16,4560611
"(288, 288) -> (320, 320)",32,6974757
"(288, 320) -> (320, 352)",4,3792677
"(288, 320) -> (320, 352)",8,3584277
"(288, 320) -> (320, 352)",16,4594533
"(288, 320) -> (320, 352)",32,7008679
"(288, 352) -> (320, 384)",4,3792677
"(288, 352) -> (320, 384)",8,3584277
"(288, 352) -> (320, 384)",16,4594533
"(288, 352) -> (320, 384)",32,6974757
"(288, 384) -> (320, 416)",4,4075061
"(288, 384) -> (320, 416)",8,3652121
"(288, 384) -> (320, 416)",16,4526689
"(288, 384) -> (320, 416)",32,7008679
"(288, 416) -> (320, 448)",4,3933869
"(288, 416) -> (320, 448)",8,3652121
"(288, 416) -> (320, 448)",16,4560611
"(288, 416) -> (320, 448)",32,7008679
"(288, 448) -> (320, 480)",4,3792677
"(288, 448) -> (320, 480)",8,3722717
"(288, 448) -> (320, 480)",16,4594533
"(288, 448) -> (320, 480)",32,7008679
"(288, 480) -> (320, 512)",4,3792677
"(288, 480) -> (320, 512)",8,3652121
"(288, 480) -> (320, 512)",16,4594533
"(288, 480) -> (320, 512)",32,7043977
"(320, 0) -> (352, 32)",4,3783077
"(320, 0) -> (352, 32)",8,3574977
"(320, 0) -> (352, 32)",16,4585383
"(320, 0) -> (352, 32)",32,6965607
"(320, 32) -> (352, 64)",4,3927869
"(320, 32) -> (352, 64)",8,3646121
"(320, 32) -> (352, 64)",16,4589909
"(320, 32) -> (352, 64)",32,7002679
"(320, 64) -> (352, 96)",4,3786677
"(320, 64) -> (352, 96)",8,3578277
"(320, 64) -> (352, 96)",16,4554611
"(320, 64) -> (352, 96)",32,7002679
"(320, 96) -> (352, 128)",4,3786677
"(320, 96) -> (352, 128)",8,3716717
"(320, 96) -> (352, 128)",16,4588533
"(320, 96) -> (352, 128)",32,6968757
"(320, 128) -> (352, 160)",4,3927869
"(320, 128) -> (352, 160)",8,3646121
"(320, 128) -> (352, 160)",16,4520689
"(320, 128) -> (352, 160)",32,6968757
"(320, 160) -> (352, 192)",4,3927869
"(320, 160) -> (352, 192)",8,3646121
"(320, 160) -> (352, 192)",16,4554611
"(320, 160) -> (352, 192)",32,6968757
"(320, 192) -> (352, 224)",4,3786677
"(320, 192) -> (352, 224)",8,3646121
"(320, 192) -> (352, 224)",16,4623831
"(320, 192) -> (352, 224)",32,6968757
"(320, 224) -> (352, 256)",4,3930869
"(320, 224) -> (352, 256)",8,3719717
"(320, 224) -> (352, 256)",16,4591533
"(320, 224) -> (352, 256)",32,7005679
"(320, 256) -> (352, 288)",4,3933869
"(320, 256) -> (352, 288)",8,3652121
"(320, 256) -> (352, 288)",16,4594533
"(320, 256) -> (352, 288)",32,6974757
"(320, 288) -> (352, 320)",4,3933869
"(320, 288) -> (352, 320)",8,3652121
"(320, 288) -> (352, 320)",16,4560611
"(320, 288) -> (352, 320)",32,6974757
"(320, 320) -> (352, 352)",4,3792677
"(320, 320) -> (352, 352)",8,3584277
"(320, 320) -> (352, 352)",16,4629831
"(320, 320) -> (352, 352)",32,7008679
"(320, 352) -> (352, 384)",4,3792677
"(320, 352) -> (352, 384)",8,3584277
"(320, 352) -> (352, 384)",16,4594533
"(320, 352) -> (352, 384)",32,6974757
"(320, 384) -> (352, 416)",4,4075061
"(320, 384) -> (352, 416)",8,3652121
"(320, 384) -> (352, 416)",16,4526689
"(320, 384) -> (352, 416)",32,7008679
"(320, 416) -> (352, 448)",4,3933869
"(320, 416) -> (352, 448)",8,3652121
"(320, 416) -> (352, 448)",16,4560611
"(320, 416) -> (352, 448)",32,7008679
"(320, 448) -> (352, 480)",4,3792677
"(320, 448) -> (352, 480)",8,3722717
"(320, 448) -> (352, 480)",16,4594533
"(320, 448) -> (352, 480)",32,7008679
"(320, 480) -> (352, 512)",4,3792677
"(320, 480) -> (352, 512)",8,3652121
"(320, 480) -> (352, 512)",16,4594533
"(320, 480) -> (352, 512)",32,7043977
"(352, 0) -> (384, 32)",4,4065461
"(352, 0) -> (384, 32)",8,3574977
"(352, 0) -> (384, 32)",16,4585383
"(352, 0) -> (384, 32)",32,6965607
"(352, 32) -> (384, 64)",4,3927869
"(352, 32) -> (384, 64)",8,3646121
"(352, 32) -> (384, 64)",16,4589909
"(352, 32) -> (384, 64)",32,7002679
"(352, 64) -> (384, 96)",4,3786677
"(352, 64) -> (384, 96)",8,3578277
"(352, 64) -> (384, 96)",16,4554611
"(352, 64) -> (384, 96)",32,7002679
"(352, 96) -> (384, 128)",4,3786677
"(352, 96) -> (384, 128)",8,3716717
"(352, 96) -> (384, 128)",16,4588533
"(352, 96) -> (384, 128)",32,6968757
"(352, 128) -> (384, 160)",4,3927869
"(352, 128) -> (384, 160)",8,3646121
"(352, 128) -> (384, 160)",16,4554611
"(352, 128) -> (384, 160)",32,6968757
"(352, 160) -> (384, 192)",4,3927869
"(352, 160) -> (384, 192)",8,3646121
"(352, 160) -> (384, 192)",16,4588533
"(352, 160) -> (384, 192)",32,6968757
"(352, 192) -> (384, 224)",4,3786677
"(352, 192) -> (384, 224)",8,3646121
"(352, 192) -> (384, 224)",16,4623831
"(352, 192) -> (384, 224)",32,6968757
"(352, 224) -> (384, 256)",4,3930869
"(352, 224) -> (384, 256)",8,3719717
"(352, 224) -> (384, 256)",16,4591533
"(352, 224) -> (384, 256)",32,7005679
"(352, 256) -> (384, 288)",4,3933869
"(352, 256) -> (384, 288)",8,3652121
"(352, 256) -> (384, 288)",16,4594533
"(352, 256) -> (384, 288)",32,6974757
"(352, 288) -> (384, 320)",4,3933869
"(352, 288) -> (384, 320)",8,3652121
"(352, 288) -> (384, 320)",16,4594533
"(352, 288) -> (384, 320)",32,6974757
"(352, 320) -> (384, 352)",4,3792677
"(352, 320) -> (384, 352)",8,3584277
"(352, 320) -> (384, 352)",16,4629831
"(352, 320) -> (384, 352)",32,7008679
"(352, 352) -> (384, 384)",4,3792677
"(352, 352) -> (384, 384)",8,3584277
"(352, 352) -> (384, 384)",16,4594533
"(352, 352) -> (384, 384)",32,6974757
"(352, 384) -> (384, 416)",4,4075061
"(352, 384) -> (384, 416)",8,3652121
"(352, 384) -> (384, 416)",16,4526689
"(352, 384) -> (384, 416)",32,7008679
"(352, 416) -> (384, 448)",4,3933869
"(352, 416) -> (384, 448)",8,3652121
"(352, 416) -> (384, 448)",16,4560611
"(352, 416) -> (384, 448)",32,7008679
"(352, 448) -> (384, 480)",4,3792677
"(352, 448) -> (384, 480)",8,3722717
"(352, 448) -> (384, 480)",16,4594533
"(352, 448) -> (384, 480)",32,7008679
"(352, 480) -> (384, 512)",4,3792677
"(352, 480) -> (384, 512)",8,3652121
"(352, 480) -> (384, 512)",16,4594533
"(352, 480) -> (384, 512)",32,7043977
"(384, 0) -> (416, 32)",4,4065461
"(384, 0) -> (416, 32)",8,3574977
"(384, 0) -> (416, 32)",16,4585383
"(384, 0) -> (416, 32)",32,6965607
"(384, 32) -> (416, 64)",4,3927869
"(384, 32) -> (416, 64)",8,3646121
"(384, 32) -> (416, 64)",16,4589909
"(384, 32) -> (416, 64)",32,7002679
"(384, 64) -> (416, 96)",4,3786677
"(384, 64) -> (416, 96)",8,3646121
"(384, 64) -> (416, 96)",16,4554611
"(384, 64) -> (416, 96)",32,7002679
"(384, 96) -> (416, 128)",4,3786677
"(384, 96) -> (416, 128)",8,3716717
"(384, 96) -> (416, 128)",16,4588533
"(384, 96) -> (416, 128)",32,6968757
"(384, 128) -> (416, 160)",4,3927869
"(384, 128) -> (416, 160)",8,3646121
"(384, 128) -> (416, 160)",16,4554611
"(384, 128) -> (416, 160)",32,6968757
"(384, 160) -> (416, 192)",4,3927869
"(384, 160) -> (416, 192)",8,3646121
"(384, 160) -> (416, 192)",16,4588533
"(384, 160) -> (416, 192)",32,6968757
"(384, 192) -> (416, 224)",4,3786677
"(384, 192) -> (416, 224)",8,3646121
"(384, 192) -> (416, 224)",16,4623831
"(384, 192) -> (416, 224)",32,6968757
"(384, 224) -> (416, 256)",4,3930869
"(384, 224) -> (416, 256)",8,3719717
"(384, 224) -> (416, 256)",16,4591533
"(384, 224) -> (416, 256)",32,7005679
"(384, 256) -> (416, 288)",4,3933869
"(384, 256) -> (416, 288)",8,3652121
"(384, 256) -> (416, 288)",16,4594533
"(384, 256) -> (416, 288)",32,6974757
"(384, 288) -> (416, 320)",4,3933869
"(384, 288) -> (416, 320)",8,3652121
"(384, 288) -> (416, 320)",16,4594533
"(384, 288) -> (416, 320)",32,6974757
"(384, 320) -> (416, 352)",4,3792677
"(384, 320) -> (416, 352)",8,3584277
"(384, 320) -> (416, 352)",16,4629831
"(384, 320) -> (416, 352)",32,7008679
"(384, 352) -> (416, 384)",4,3792677
"(384, 352) -> (416, 384)",8,3584277
"(384, 352) -> (416, 384)",16,4594533
"(384, 352) -> (416, 384)",32,7008679
"(384, 384) -> (416, 416)",4,4075061
"(384, 384) -> (416, 416)",8,3652121
"(384, 384) -> (416, 416)",16,4526689
"(384, 384) -> (416, 416)",32,7008679
"(384, 416) -> (416, 448)",4,3933869
"(384, 416) -> (416, 448)",8,3652121
"(384, 416) -> (416, 448)",16,4560611
"(384, 416) -> (416, 448)",32,7008679
"(384, 448) -> (416, 480)",4,3792677
"(384, 448) -> (416, 480)",8,3722717
"(384, 448) -> (416, 480)",16,4594533
"(384, 448) -> (416, 480)",32,7008679
"(384, 480) -> (416, 512)",4,3792677
"(384, 480) -> (416, 512)",8,3652121
"(384, 480) -> (416, 512)",16,4594533
"(384, 480) -> (416, 512)",32,7043977
"(416, 0) -> (448, 32)",4,4065461
"(416, 0) -> (448, 32)",8,3574977
"(416, 0) -> (448, 32)",16,4585383
"(416, 0) -> (448, 32)",32,6965607
"(416, 32) -> (448, 64)",4,3927869
"(416, 32) -> (448, 64)",8,3646121
"(416, 32) -> (448, 64)",16,4589909
"(416, 32) -> (448, 64)",32,7002679
"(416, 64) -> (448, 96)",4,3786677
"(416, 64) -> (448, 96)",8,3716717
"(416, 64) -> (448, 96)",16,4554611
"(416, 64) -> (448, 96)",32,7002679
"(416, 96) -> (448, 128)",4,3786677
"(416, 96) -> (448, 128)",8,3716717
"(416, 96) -> (448, 128)",16,4588533
"(416, 96) -> (448, 128)",32,6968757
"(416, 128) -> (448, 160)",4,3927869
"(416, 128) -> (448, 160)",8,3646121
"(416, 128) -> (448, 160)",16,4554611
"(416, 128) -> (448, 160)",32,6968757
"(416, 160) -> (448, 192)",4,4069061
"(416, 160) -> (448, 192)",8,3646121
"(416, 160) -> (448, 192)",16,4588533
"(416, 160) -> (448, 192)",32,6968757
"(416, 192) -> (448, 224)",4,3786677
"(416, 192) -> (448, 224)",8,3646121
"(416, 192) -> (448, 224)",16,4623831
"(416, 192) -> (448, 224)",32,6968757
"(416, 224) -> (448, 256)",4,4072061
"(416, 224) -> (448, 256)",8,3719717
"(416, 224) -> (448, 256)",16,4591533
"(416, 224) -> (448, 256)",32,7005679
"(416, 256) -> (448, 288)",4,3933869
"(416, 256) -> (448, 288)",8,3652121
"(416, 256) -> (448, 288)",16,4594533
"(416, 256) -> (448, 288)",32,6974757
"(416, 288) -> (448, 320)",4,3933869
"(416, 288) -> (448, 320)",8,3652121
"(416, 288) -> (448, 320)",16,4594533
"(416, 288) -> (448, 320)",32,6974757
"(416, 320) -> (448, 352)",4,3792677
"(416, 320) -> (448, 352)",8,3584277
"(416, 320) -> (448, 352)",16,4629831
"(416, 320) -> (448, 352)",32,7008679
"(416, 352) -> (448, 384)",4,3792677
"(416, 352) -> (448, 384)",8,3584277
"(416, 352) -> (448, 384)",16,4594533
"(416, 352) -> (448, 384)",32,7008679
"(416, 384) -> (448, 416)",4,4075061
"(416, 384) -> (448, 416)",8,3652121
"(416, 384) -> (448, 416)",16,4526689
"(416, 384) -> (448, 416)",32,7008679
"(416, 416) -> (448, 448)",4,3933869
"(416, 416) -> (448, 448)",8,3652121
"(416, 416) -> (448, 448)",16,4594533
"(416, 416) -> (448, 448)",32,7008679
"(416, 448) -> (448, 480)",4,3792677
"(416, 448) -> (448, 480)",8,3722717
"(416, 448) -> (448, 480)",16,4594533
"(416, 448) -> (448, 480)",32,7008679
"(416, 480) -> (448, 512)",4,3792677
"(416, 480) -> (448, 512)",8,3652121
"(416, 480) -> (448, 512)",16,4594533
"(416, 480) -> (448, 512)",32,7043977
"(448, 0) -> (480, 32)",4,4065461
"(448, 0) -> (480, 32)",8,3574977
"(448, 0) -> (480, 32)",16,4585383
"(448, 0) -> (480, 32)",32,6965607
"(448, 32) -> (480, 64)",4,3927869
"(448, 32) -> (480, 64)",8,3646121
"(448, 32) -> (480, 64)",16,4589909
"(448, 32) -> (480, 64)",32,7002679
"(448, 64) -> (480, 96)",4,3786677
"(448, 64) -> (480, 96)",8,3716717
"(448, 64) -> (480, 96)",16,4554611
"(448, 64) -> (480, 96)",32,7002679
"(448, 96) -> (480, 128)",4,3786677
"(448, 96) -> (480, 128)",8,3716717
"(448, 96) -> (480, 128)",16,4588533
"(448, 96) -> (480, 128)",32,6968757
"(448, 128) -> (480, 160)",4,3927869
"(448, 128) -> (480, 160)",8,3646121
"(448, 128) -> (480, 160)",16,4554611
"(448, 128) -> (480, 160)",32,7002679
"(448, 160) -> (480, 192)",4,4069061
"(448, 160) -> (480, 192)",8,3646121
"(448, 160) -> (480, 192)",16,4588533
"(448, 160) -> (480, 192)",32,6968757
"(448, 192) -> (480, 224)",4,3786677
"(448, 192) -> (480, 224)",8,3646121
"(448, 192) -> (480, 224)",16,4623831
"(448, 192) -> (480, 224)",32,6968757
"(448, 224) -> (480, 256)",4,4072061
"(448, 224) -> (480, 256)",8,3719717
"(448, 224) -> (480, 256)",16,4591533
"(448, 224) -> (480, 256)",32,7005679
"(448, 256) -> (480, 288)",4,3933869
"(448, 256) -> (480, 288)",8,3652121
"(448, 256) -> (480, 288)",16,4594533
"(448, 256) -> (480, 288)",32,6974757
"(448, 288) -> (480, 320)",4,3933869
"(448, 288) -> (480, 320)",8,3652121
"(448, 288) -> (480, 320)",16,4594533
"(448, 288) -> (480, 320)",32,6974757
"(448, 320) -> (480, 352)",4,3792677
"(448, 320) -> (480, 352)",8,3584277
"(448, 320) -> (480, 352)",16,4629831
"(448, 320) -> (480, 352)",32,7008679
"(448, 352) -> (480, 384)",4,3792677
"(448, 352) -> (480, 384)",8,3652121
"(448, 352) -> (480, 384)",16,4594533
"(448, 352) -> (480, 384)",32,7008679
"(448, 384) -> (480, 416)",4,4075061
"(448, 384) -> (480, 416)",8,3652121
"(448, 384) -> (480, 416)",16,4526689
"(448, 384) -> (480, 416)",32,7008679
"(448, 416) -> (480, 448)",4,3933869
"(448, 416) -> (480, 448)",8,3652121
"(448, 416) -> (480, 448)",16,4594533
"(448, 416) -> (480, 448)",32,7008679
"(448, 448) -> (480, 480)",4,3792677
"(448, 448) -> (480, 480)",8,3722717
"(448, 448) -> (480, 480)",16,4594533
"(448, 448) -> (480, 480)",32,7008679
"(448, 480) -> (480, 512)",4,3792677
"(448, 480) -> (480, 512)",8,3652121
"(448, 480) -> (480, 512)",16,4594533
"(448, 480) -> (480, 512)",32,7043977
"(480, 0) -> (512, 32)",4,4065461
"(480, 0) -> (512, 32)",8,3574977
"(480, 0) -> (512, 32)",16,4585383
"(480, 0) -> (512, 32)",32,6965607
"(480, 32) -> (512, 64)",4,3927869
"(480, 32) -> (512, 64)",8,3646121
"(480, 32) -> (512, 64)",16,4589909
"(480, 32) -> (512, 64)",32,7002679
"(480, 64) -> (512, 96)",4,3786677
"(480, 64) -> (512, 96)",8,3716717
"(480, 64) -> (512, 96)",16,4554611
"(480, 64) -> (512, 96)",32,7002679
"(480, 96) -> (512, 128)",4,3786677
"(480, 96) -> (512, 128)",8,3716717
"(480, 96) -> (512, 128)",16,4588533
"(480, 96) -> (512, 128)",32,6968757
"(480, 128) -> (512, 160)",4,3927869
"(480, 128) -> (512, 160)",8,3646121
"(480, 128) -> (512, 160)",16,4554611
"(480, 128) -> (512, 160)",32,7002679
"(480, 160) -> (512, 192)",4,4069061
"(480, 160) -> (512, 192)",8,3646121
"(480, 160) -> (512, 192)",16,4588533
"(480, 160) -> (512, 192)",32,6968757
"(480, 192) -> (512, 224)",4,3786677
"(480, 192) -> (512, 224)",8,3646121
"(480, 192) -> (512, 224)",16,4623831
"(480, 192) -> (512, 224)",32,6968757
"(480, 224) -> (512, 256)",4,4072061
"(480, 224) -> (512, 256)",8,3719717
"(480, 224) -> (512, 256)",16,4591533
"(480, 224) -> (512, 256)",32,7005679
"(480, 256) -> (512, 288)",4,3933869
"(480, 256) -> (512, 288)",8,3652121
"(480, 256) -> (512, 288)",16,4594533
"(480, 256) -> (512, 288)",32,6974757
"(480, 288) -> (512, 320)",4,4075061
"(480, 288) -> (512, 320)",8,3652121
"(480, 288) -> (512, 320)",16,4594533
"(480, 288) -> (512, 320)",32,6974757
"(480, 320) -> (512, 352)",4,3792677
"(480, 320) -> (512, 352)",8,3584277
"(480, 320) -> (512, 352)",16,4629831
"(480, 320) -> (512, 352)",32,7008679
"(480, 352) -> (512, 384)",4,3792677
"(480, 352) -> (512, 384)",8,3652121
"(480, 352) -> (512, 384)",16,4594533
"(480, 352) -> (512, 384)",32,7008679
"(480, 384) -> (512, 416)",4,4075061
"(480, 384) -> (512, 416)",8,3652121
"(480, 384) -> (512, 416)",16,4560611
"(480, 384) -> (512, 416)",32,7008679
"(480, 416) -> (512, 448)",4,3933869
"(480, 416) -> (512, 448)",8,3652121
"(480, 416) -> (512, 448)",16,4594533
"(480, 416) -> (512, 448)",32,7008679
"(480, 448) -> (512, 480)",4,3792677
"(480, 448) -> (512, 480)",8,3722717
"(480, 448) -> (512, 480)",16,4629831
"(480, 448) -> (512, 480)",32,7008679
"(480, 480) -> (512, 512)",4,3792677
"(480, 480) -> (512, 512)",8,3652121
"(480, 480) -> (512, 512)",16,4594533
"(480, 480) -> (512, 512)",32,7043977
"(512, 0) -> (544, 32)",4,4065461
"(512, 0) -> (544, 32)",8,3574977
"(512, 0) -> (544, 32)",16,4585383
"(512, 0) -> (544, 32)",32,6965607
"(512, 32) -> (544, 64)",4,3927869
"(512, 32) -> (544, 64)",8,3646121
"(512, 32) -> (544, 64)",16,4589909
"(512, 32) -> (544, 64)",32,7002679
"(512, 64) -> (544, 96)",4,3786677
"(512, 64) -> (544, 96)",8,3716717
"(512, 64) -> (544, 96)",16,4554611
"(512, 64) -> (544, 96)",32,7002679
"(512, 96) -> (544, 128)",4,3786677
"(512, 96) -> (544, 128)",8,3716717
"(512, 96) -> (544, 128)",16,4588533
"(512, 96) -> (544, 128)",32,6968757
"(512, 128) -> (544, 160)",4,3927869
"(512, 128) -> (544, 160)",8,3646121
"(512, 128) -> (544, 160)",16,4554611
"(512, 128) -> (544, 160)",32,7002679
"(512, 160) -> (544, 192)",4,4069061
"(512, 160) -> (544, 192)",8,3646121
"(512, 160) -> (544, 192)",16,4588533
"(512, 160) -> (544, 192)",32,6968757
"(512, 192) -> (544, 224)",4,3786677
"(512, 192) -> (544, 224)",8,3646121
"(512, 192) -> (544, 224)",16,4623831
"(512, 192) -> (544, 224)",32,6968757
"(512, 224) -> (544, 256)",4,4072061
"(512, 224) -> (544, 256)",8,3719717
"(512, 224) -> (544, 256)",16,4591533
"(512, 224) -> (544, 256)",32,7005679
"(512, 256) -> (544, 288)",4,3933869
"(512, 256) -> (544, 288)",8,3652121
"(512, 256) -> (544, 288)",16,4594533
"(512, 256) -> (544, 288)",32,6974757
"(512, 288) -> (544, 320)",4,4075061
"(512, 288) -> (544, 320)",8,3652121
"(512, 288) -> (544, 320)",16,4594533
"(512, 288) -> (544, 320)",32,6974757
"(512, 320) -> (544, 352)",4,3792677
"(512, 320) -> (544, 352)",8,3652121
"(512, 320) -> (544, 352)",16,4629831
"(512, 320) -> (544, 352)",32,7008679
"(512, 352) -> (544, 384)",4,3792677
"(512, 352) -> (544, 384)",8,3652121
"(512, 352) -> (544, 384)",16,4594533
"(512, 352) -> (544, 384)",32,7008679
"(512, 384) -> (544, 416)",4,4075061
"(512, 384) -> (544, 416)",8,3652121
"(512, 384) -> (544, 416)",16,4560611
"(512, 384) -> (544, 416)",32,7008679
"(512, 416) -> (544, 448)",4,3933869
"(512, 416) -> (544, 448)",8,3652121
"(512, 416) -> (544, 448)",16,4594533
"(512, 416) -> (544, 448)",32,7008679
"(512, 448) -> (544, 480)",4,3792677
"(512, 448) -> (544, 480)",8,3722717
"(512, 448) -> (544, 480)",16,4629831
"(512, 448) -> (544, 480)",32,7008679
"(512, 480) -> (544, 512)",4,3792677
"(512, 480) -> (544, 512)",8,3652121
"(512, 480) -> (544, 512)",16,4594533
"(512, 480) -> (544, 512)",32,7043977
"(544, 0) -> (576, 32)",4,4065461
"(544, 0) -> (576, 32)",8,3574977
"(544, 0) -> (576, 32)",16,4585383
"(544, 0) -> (576, 32)",32,6965607
"(544, 32) -> (576, 64)",4,3927869
"(544, 32) -> (576, 64)",8,3646121
"(544, 32) -> (576, 64)",16,4589909
"(544, 32) -> (576, 64)",32,7002679
"(544, 64) -> (576, 96)",4,3786677
"(544, 64) -> (576, 96)",8,3716717
"(544, 64) -> (576, 96)",16,4588533
"(544, 64) -> (576, 96)",32,7002679
"(544, 96) -> (576, 128)",4,3786677
"(544, 96) -> (576, 128)",8,3716717
"(544, 96) -> (576, 128)",16,4588533
"(544, 96) -> (576, 128)",32,6968757
"(544, 128) -> (576, 160)",4,3927869
"(544, 128) -> (576, 160)",8,3646121
"(544, 128) -> (576, 160)",16,4554611
"(544, 128) -> (576, 160)",32,7002679
"(544, 160) -> (576, 192)",4,4069061
"(544, 160) -> (576, 192)",8,3646121
"(544, 160) -> (576, 192)",16,4588533
"(544, 160) -> (576, 192)",32,6968757
"(544, 192) -> (576, 224)",4,3786677
"(544, 192) -> (576, 224)",8,3646121
"(544, 192) -> (576, 224)",16,4623831
"(544, 192) -> (576, 224)",32,6968757
"(544, 224) -> (576, 256)",4,4072061
"(544, 224) -> (576, 256)",8,3719717
"(544, 224) -> (576, 256)",16,4591533
"(544, 224) -> (576, 256)",32,7005679
"(544, 256) -> (576, 288)",4,3933869
"(544, 256) -> (576, 288)",8,3652121
"(544, 256) -> (576, 288)",16,4594533
"(544, 256) -> (576, 288)",32,6974757
"(544, 288) -> (576, 320)",4,4075061
"(544, 288) -> (576, 320)",8,3652121
"(544, 288) -> (576, 320)",16,4594533
"(544, 288) -> (576, 320)",32,6974757
"(544, 320) -> (576, 352)",4,3792677
"(544, 320) -> (576, 352)",8,3652121
"(544, 320) -> (576, 352)",16,4629831
"(544, 320) -> (576, 352)",32,7008679
"(544, 352) -> (576, 384)",4,3792677
"(544, 352) -> (576, 384)",8,3652121
"(544, 352) -> (576, 384)",16,4594533
"(544, 352) -> (576, 384)",32,7008679
"(544, 384) -> (576, 416)",4,4075061
"(544, 384) -> (576, 416)",8,3652121
"(544, 384) -> (576, 416)",16,4560611
"(544, 384) -> (576, 416)",32,7008679
"(544, 416) -> (576, 448)",4,3933869
"(544, 416) -> (576, 448)",8,3652121
"(544, 416) -> (576, 448)",16,4594533
"(544, 416) -> (576, 448)",32,7008679
"(544, 448) -> (576, 480)",4,3792677
"(544, 448) -> (576, 480)",8,3722717
"(544, 448) -> (576, 480)",16,4629831
"(544, 448) -> (576, 480)",32,7008679
"(544, 480) -> (576, 512)",4,3792677
"(544, 480) -> (576, 512)",8,3652121
"(544, 480) -> (576, 512)",16,4594533
"(544, 480) -> (576, 512)",32,7043977
"(576, 0) -> (608, 32)",4,4065461
"(576, 0) -> (608, 32)",8,3574977
"(576, 0) -> (608, 32)",16,4585383
"(576, 0) -> (608, 32)",32,6965607
"(576, 32) -> (608, 64)",4,3927869
"(576, 32) -> (608, 64)",8,3646121
"(576, 32) -> (608, 64)",16,4589909
"(576, 32) -> (608, 64)",32,7002679
"(576, 64) -> (608, 96)",4,3786677
"(576, 64) -> (608, 96)",8,3716717
"(576, 64) -> (608, 96)",16,4588533
"(576, 64) -> (608, 96)",32,7002679
"(576, 96) -> (608, 128)",4,3786677
"(576, 96) -> (608, 128)",8,3716717
"(576, 96) -> (608, 128)",16,4588533
"(576, 96) -> (608, 128)",32,7002679
"(576, 128) -> (608, 160)",4,3927869
"(576, 128) -> (608, 160)",8,3646121
"(576, 128) -> (608, 160)",16,4554611
"(576, 128) -> (608, 160)",32,7002679
"(576, 160) -> (608, 192)",4,4069061
"(576, 160) -> (608, 192)",8,3646121
"(576, 160) -> (608, 192)",16,4588533
"(576, 160) -> (608, 192)",32,6968757
"(576, 192) -> (608, 224)",4,3786677
"(576, 192) -> (608, 224)",8,3646121
"(576, 192) -> (608, 224)",16,4623831
"(576, 192) -> (608, 224)",32,6968757
"(576, 224) -> (608, 256)",4,4072061
"(576, 224) -> (608, 256)",8,3719717
"(576, 224) -> (608, 256)",16,4591533
"(576, 224) -> (608, 256)",32,7005679
"(576, 256) -> (608, 288)",4,3933869
"(576, 256) -> (608, 288)",8,3652121
"(576, 256) -> (608, 288)",16,4594533
"(576, 256) -> (608, 288)",32,7008679
"(576, 288) -> (608, 320)",4,4075061
"(576, 288) -> (608, 320)",8,3652121
"(576, 288) -> (608, 320)",16,4594533
"(576, 288) -> (608, 320)",32,6974757
"(576, 320) -> (608, 352)",4,3792677
"(576, 320) -> (608, 352)",8,3652121
"(576, 320) -> (608, 352)",16,4629831
"(576, 320) -> (608, 352)",32,7008679
"(576, 352) -> (608, 384)",4,3792677
"(576, 352) -> (608, 384)",8,3652121
"(576, 352) -> (608, 384)",16,4594533
"(576, 352) -> (608, 384)",32,7008679
"(576, 384) -> (608, 416)",4,4075061
"(576, 384) -> (608, 416)",8,3652121
"(576, 384) -> (608, 416)",16,4560611
"(576, 384) -> (608, 416)",32,7008679
"(576, 416) -> (608, 448)",4,3933869
"(576, 416) -> (608, 448)",8,3652121
"(576, 416) -> (608, 448)",16,4594533
"(576, 416) -> (608, 448)",32,7008679
"(576, 448) -> (608, 480)",4,3792677
"(576, 448) -> (608, 480)",8,3722717
"(576, 448) -> (608, 480)",16,4629831
"(576, 448) -> (608, 480)",32,7008679
"(576, 480) -> (608, 512)",4,3792677
"(576, 480) -> (608, 512)",8,3652121
"(576, 480) -> (608, 512)",16,4594533
"(576, 480) -> (608, 512)",32,7043977
"(608, 0) -> (640, 32)",4,4065461
"(608, 0) -> (640, 32)",8,3574977
"(608, 0) -> (640, 32)",16,4585383
"(608, 0) -> (640, 32)",32,6965607
"(608, 32) -> (640, 64)",4,3927869
"(608, 32) -> (640, 64)",8,3646121
"(608, 32) -> (640, 64)",16,4589909
"(608, 32) -> (640, 64)",32,7002679
"(608, 64) -> (640, 96)",4,3786677
"(608, 64) -> (640, 96)",8,3716717
"(608, 64) -> (640, 96)",16,4588533
"(608, 64) -> (640, 96)",32,7002679
"(608, 96) -> (640, 128)",4,3786677
"(608, 96) -> (640, 128)",8,3716717
"(608, 96) -> (640, 128)",16,4588533
"(608, 96) -> (640, 128)",32,7002679
"(608, 128) -> (640, 160)",4,3927869
"(608, 128) -> (640, 160)",8,3646121
"(608, 128) -> (640, 160)",16,4554611
"(608, 128) -> (640, 160)",32,7002679
"(608, 160) -> (640, 192)",4,4069061
"(608, 160) -> (640, 192)",8,3646121
"(608, 160) -> (640, 192)",16,4588533
"(608, 160) -> (640, 192)",32,7002679
"(608, 192) -> (640, 224)",4,3786677
"(608, 192) -> (640, 224)",8,3646121
"(608, 192) -> (640, 224)",16,4623831
"(608, 192) -> (640, 224)",32,6968757
"(608, 224) -> (640, 256)",4,4072061
"(608, 224) -> (640, 256)",8,3719717
"(608, 224) -> (640, 256)",16,4591533
"(608, 224) -> (640, 256)",32,7005679
"(608, 256) -> (640, 288)",4,3933869
"(608, 256) -> (640, 288)",8,3652121
"(608, 256) -> (640, 288)",16,4594533
"(608, 256) -> (640, 288)",32,7008679
"(608, 288) -> (640, 320)",4,4075061
"(608, 288) -> (640, 320)",8,3652121
"(608, 288) -> (640, 320)",16,4594533
"(608, 288) -> (640, 320)",32,6974757
"(608, 320) -> (640, 352)",4,3792677
"(608, 320) -> (640, 352)",8,3652121
"(608, 320) -> (640, 352)",16,4629831
"(608, 320) -> (640, 352)",32,7008679
"(608, 352) -> (640, 384)",4,3792677
"(608, 352) -> (640, 384)",8,3722717
"(608, 352) -> (640, 384)",16,4594533
"(608, 352) -> (640, 384)",32,7008679
"(608, 384) -> (640, 416)",4,4075061
"(608, 384) -> (640, 416)",8,3652121
"(608, 384) -> (640, 416)",16,4560611
"(608, 384) -> (640, 416)",32,7008679
"(608, 416) -> (640, 448)",4,3933869
"(608, 416) -> (640, 448)",8,3652121
"(608, 416) -> (640, 448)",16,4594533
"(608, 416) -> (640, 448)",32,7008679
"(608, 448) -> (640, 480)",4,3792677
"(608, 448) -> (640, 480)",8,3722717
"(608, 448) -> (640, 480)",16,4629831
"(608, 448) -> (640, 480)",32,7008679
"(608, 480) -> (640, 512)",4,3792677
"(608, 480) -> (640, 512)",8,3652121
"(608, 480) -> (640, 512)",16,4594533
"(608, 480) -> (640, 512)",32,7043977
"(640, 0) -> (672, 32)",4,4065461
"(640, 0) -> (672, 32)",8,3642821
"(640, 0) -> (672, 32)",16,4585383
"(640, 0) -> (672, 32)",32,6965607
"(640, 32) -> (672, 64)",4,3927869
"(640, 32) -> (672, 64)",8,3646121
"(640, 32) -> (672, 64)",16,4589909
"(640, 32) -> (672, 64)",32,7002679
"(640, 64) -> (672, 96)",4,3786677
"(640, 64) -> (672, 96)",8,3787313
"(640, 64) -> (672, 96)",16,4588533
"(640, 64) -> (672, 96)",32,7002679
"(640, 96) -> (672, 128)",4,3786677
"(640, 96) -> (672, 128)",8,3787313
"(640, 96) -> (672, 128)",16,4588533
"(640, 96) -> (672, 128)",32,7002679
"(640, 128) -> (672, 160)",4,3927869
"(640, 128) -> (672, 160)",8,3646121
"(640, 128) -> (672, 160)",16,4554611
"(640, 128) -> (672, 160)",32,7002679
"(640, 160) -> (672, 192)",4,4069061
"(640, 160) -> (672, 192)",8,3646121
"(640, 160) -> (672, 192)",16,4588533
"(640, 160) -> (672, 192)",32,7002679
"(640, 192) -> (672, 224)",4,3786677
"(640, 192) -> (672, 224)",8,3646121
"(640, 192) -> (672, 224)",16,4623831
"(640, 192) -> (672, 224)",32,7002679
"(640, 224) -> (672, 256)",4,4072061
"(640, 224) -> (672, 256)",8,3719717
"(640, 224) -> (672, 256)",16,4591533
"(640, 224) -> (672, 256)",32,7005679
"(640, 256) -> (672, 288)",4,3933869
"(640, 256) -> (672, 288)",8,3652121
"(640, 256) -> (672, 288)",16,4594533
"(640, 256) -> (672, 288)",32,7008679
"(640, 288) -> (672, 320)",4,4075061
"(640, 288) -> (672, 320)",8,3652121
"(640, 288) -> (672, 320)",16,4594533
"(640, 288) -> (672, 320)",32,6974757
"(640, 320) -> (672, 352)",4,3792677
"(640, 320) -> (672, 352)",8,3652121
"(640, 320) -> (672, 352)",16,4629831
"(640, 320) -> (672, 352)",32,7008679
"(640, 352) -> (672, 384)",4,3792677
"(640, 352) -> (672, 384)",8,3722717
"(640, 352) -> (672, 384)",16,4594533
"(640, 352) -> (672, 384)",32,7008679
"(640, 384) -> (672, 416)",4,4075061
"(640, 384) -> (672, 416)",8,3652121
"(640, 384) -> (672, 416)",16,4560611
"(640, 384) -> (672, 416)",32,7008679
"(640, 416) -> (672, 448)",4,3933869
"(640, 416) -> (672, 448)",8,3652121
"(640, 416) -> (672, 448)",16,4594533
"(640, 416) -> (672, 448)",32,7008679
"(640, 448) -> (672, 480)",4,3792677
"(640, 448) -> (672, 480)",8,3722717
"(640, 448) -> (672, 480)",16,4629831
"(640, 448) -> (672, 480)",32,7008679
"(640, 480) -> (672, 512)",4,3792677
"(640, 480) -> (672, 512)",8,3722717
"(640, 480) -> (672, 512)",16,4594533
"(640, 480) -> (672, 512)",32,7043977
"(672, 0) -> (704, 32)",4,4065461
"(672, 0) -> (704, 32)",8,3642821
"(672, 0) -> (704, 32)",16,4585383
"(672, 0) -> (704, 32)",32,6965607
"(672, 32) -> (704, 64)",4,3927869
"(672, 32) -> (704, 64)",8,3646121
"(672, 32) -> (704, 64)",16,4589909
"(672, 32) -> (704, 64)",32,7002679
"(672, 64) -> (704, 96)",4,3786677
"(672, 64) -> (704, 96)",8,3787313
"(672, 64) -> (704, 96)",16,4588533
"(672, 64) -> (704, 96)",32,7002679
"(672, 96) -> (704, 128)",4,3786677
"(672, 96) -> (704, 128)",8,3787313
"(672, 96) -> (704, 128)",16,4588533
"(672, 96) -> (704, 128)",32,7002679
"(672, 128) -> (704, 160)",4,3927869
"(672, 128) -> (704, 160)",8,3646121
"(672, 128) -> (704, 160)",16,4554611
"(672, 128) -> (704, 160)",32,7002679
"(672, 160) -> (704, 192)",4,4069061
"(672, 160) -> (704, 192)",8,3646121
"(672, 160) -> (704, 192)",16,4588533
"(672, 160) -> (704, 192)",32,7002679
"(672, 192) -> (704, 224)",4,3786677
"(672, 192) -> (704, 224)",8,3646121
"(672, 192) -> (704, 224)",16,4623831
"(672, 192) -> (704, 224)",32,7002679
"(672, 224) -> (704, 256)",4,4072061
"(672, 224) -> (704, 256)",8,3719717
"(672, 224) -> (704, 256)",16,4591533
"(672, 224) -> (704, 256)",32,7005679
"(672, 256) -> (704, 288)",4,3933869
"(672, 256) -> (704, 288)",8,3652121
"(672, 256) -> (704, 288)",16,4594533
"(672, 256) -> (704, 288)",32,7008679
"(672, 288) -> (704, 320)",4,4075061
"(672, 288) -> (704, 320)",8,3652121
"(672, 288) -> (704, 320)",16,4594533
"(672, 288) -> (704, 320)",32,6974757
"(672, 320) -> (704, 352)",4,3792677
"(672, 320) -> (704, 352)",8,3652121
"(672, 320) -> (704, 352)",16,4629831
"(672, 320) -> (704, 352)",32,7008679
"(672, 352) -> (704, 384)",4,3792677
"(672, 352) -> (704, 384)",8,3722717
"(672, 352) -> (704, 384)",16,4594533
"(672, 352) -> (704, 384)",32,7008679
"(672, 384) -> (704, 416)",4,4075061
"(672, 384) -> (704, 416)",8,3652121
"(672, 384) -> (704, 416)",16,4594533
"(672, 384) -> (704, 416)",32,7008679
"(672, 416) -> (704, 448)",4,3933869
"(672, 416) -> (704, 448)",8,3652121
"(672, 416) -> (704, 448)",16,4594533
"(672, 416) -> (704, 448)",32,7008679
"(672, 448) -> (704, 480)",4,3792677
"(672, 448) -> (704, 480)",8,3722717
"(672, 448) -> (704, 480)",16,4629831
"(672, 448) -> (704, 480)",32,7008679
"(672, 480) -> (704, 512)",4,3792677
"(672, 480) -> (704, 512)",8,3722717
"(672, 480) -> (704, 512)",16,4594533
"(672, 480) -> (704, 512)",32,7043977
"(704, 0) -> (736, 32)",4,4065461
"(704, 0) -> (736, 32)",8,3642821
"(704, 0) -> (736, 32)",16,4585383
"(704, 0) -> (736, 32)",32,6965607
"(704, 32) -> (736, 64)",4,3927869
"(704, 32) -> (736, 64)",8,3646121
"(704, 32) -> (736, 64)",16,4623831
"(704, 32) -> (736, 64)",32,7002679
"(704, 64) -> (736, 96)",4,3786677
"(704, 64) -> (736, 96)",8,3787313
"(704, 64) -> (736, 96)",16,4588533
"(704, 64) -> (736, 96)",32,7002679
"(704, 96) -> (736, 128)",4,3786677
"(704, 96) -> (736, 128)",8,3787313
"(704, 96) -> (736, 128)",16,4588533
"(704, 96) -> (736, 128)",32,7002679
"(704, 128) -> (736, 160)",4,3927869
"(704, 128) -> (736, 160)",8,3646121
"(704, 128) -> (736, 160)",16,4554611
"(704, 128) -> (736, 160)",32,7002679
"(704, 160) -> (736, 192)",4,4069061
"(704, 160) -> (736, 192)",8,3646121
"(704, 160) -> (736, 192)",16,4588533
"(704, 160) -> (736, 192)",32,7002679
"(704, 192) -> (736, 224)",4,3786677
"(704, 192) -> (736, 224)",8,3646121
"(704, 192) -> (736, 224)",16,4623831
"(704, 192) -> (736, 224)",32,7002679
"(704, 224) -> (736, 256)",4,4072061
"(704, 224) -> (736, 256)",8,3719717
"(704, 224) -> (736, 256)",16,4591533
"(704, 224) -> (736, 256)",32,7005679
"(704, 256) -> (736, 288)",4,3933869
"(704, 256) -> (736, 288)",8,3652121
"(704, 256) -> (736, 288)",16,4594533
"(704, 256) -> (736, 288)",32,7008679
"(704, 288) -> (736, 320)",4,4075061
"(704, 288) -> (736, 320)",8,3652121
"(704, 288) -> (736, 320)",16,4594533
"(704, 288) -> (736, 320)",32,7008679
"(704, 320) -> (736, 352)",4,3933869
"(704, 320) -> (736, 352)",8,3652121
"(704, 320) -> (736, 352)",16,4629831
"(704, 320) -> (736, 352)",32,7008679
"(704, 352) -> (736, 384)",4,3792677
"(704, 352) -> (736, 384)",8,3722717
"(704, 352) -> (736, 384)",16,4629831
"(704, 352) -> (736, 384)",32,7008679
"(704, 384) -> (736, 416)",4,4075061
"(704, 384) -> (736, 416)",8,3722717
"(704, 384) -> (736, 416)",16,4594533
"(704, 384) -> (736, 416)",32,7008679
"(704, 416) -> (736, 448)",4,3933869
"(704, 416) -> (736, 448)",8,3652121
"(704, 416) -> (736, 448)",16,4594533
"(704, 416) -> (736, 448)",32,7008679
"(704, 448) -> (736, 480)",4,3792677
"(704, 448) -> (736, 480)",8,3722717
"(704, 448) -> (736, 480)",16,4629831
"(704, 448) -> (736, 480)",32,7008679
"(704, 480) -> (736, 512)",4,3792677
"(704, 480) -> (736, 512)",8,3722717
"(704, 480) -> (736, 512)",16,4594533
"(704, 480) -> (736, 512)",32,7043977
"(736, 0) -> (768, 32)",4,4065461
"(736, 0) -> (768, 32)",8,3642821
"(736, 0) -> (768, 32)",16,4585383
"(736, 0) -> (768, 32)",32,6965607
"(736, 32) -> (768, 64)",4,4069061
"(736, 32) -> (768, 64)",8,3646121
"(736, 32) -> (768, 64)",16,4623831
"(736, 32) -> (768, 64)",32,7002679
"(736, 64) -> (768, 96)",4,3786677
"(736, 64) -> (768, 96)",8,3787313
"(736, 64) -> (768, 96)",16,4588533
"(736, 64) -> (768, 96)",32,7002679
"(736, 96) -> (768, 128)",4,3786677
"(736, 96) -> (768, 128)",8,3787313
"(736, 96) -> (768, 128)",16,4588533
"(736, 96) -> (768, 128)",32,7002679
"(736, 128) -> (768, 160)",4,3927869
"(736, 128) -> (768, 160)",8,3646121
"(736, 128) -> (768, 160)",16,4588533
"(736, 128) -> (768, 160)",32,7002679
"(736, 160) -> (768, 192)",4,4069061
"(736, 160) -> (768, 192)",8,3646121
"(736, 160) -> (768, 192)",16,4588533
"(736, 160) -> (768, 192)",32,7002679
"(736, 192) -> (768, 224)",4,3786677
"(736, 192) -> (768, 224)",8,3646121
"(736, 192) -> (768, 224)",16,4623831
"(736, 192) -> (768, 224)",32,7002679
"(736, 224) -> (768, 256)",4,4072061
"(736, 224) -> (768, 256)",8,3719717
"(736, 224) -> (768, 256)",16,4591533
"(736, 224) -> (768, 256)",32,7005679
"(736, 256) -> (768, 288)",4,3933869
"(736, 256) -> (768, 288)",8,3652121
"(736, 256) -> (768, 288)",16,4594533
"(736, 256) -> (768, 288)",32,7008679
"(736, 288) -> (768, 320)",4,4075061
"(736, 288) -> (768, 320)",8,3652121
"(736, 288) -> (768, 320)",16,4594533
"(736, 288) -> (768, 320)",32,7008679
"(736, 320) -> (768, 352)",4,3933869
"(736, 320) -> (768, 352)",8,3652121
"(736, 320) -> (768, 352)",16,4629831
"(736, 320) -> (768, 352)",32,7008679
"(736, 352) -> (768, 384)",4,3792677
"(736, 352) -> (768, 384)",8,3722717
"(736, 352) -> (768, 384)",16,4629831
"(736, 352) -> (768, 384)",32,7008679
"(736, 384) -> (768, 416)",4,4075061
"(736, 384) -> (768, 416)",8,3722717
"(736, 384) -> (768, 416)",16,4594533
"(736, 384) -> (768, 416)",32,7008679
"(736, 416) -> (768, 448)",4,3933869
"(736, 416) -> (768, 448)",8,3652121
"(736, 416) -> (768, 448)",16,4594533
"(736, 416) -> (768, 448)",32,7008679
"(736, 448) -> (768, 480)",4,3792677
"(736, 448) -> (768, 480)",8,3722717
"(736, 448) -> (768, 480)",16,4629831
"(736, 448) -> (768, 480)",32,7008679
"(736, 480) -> (768, 512)",4,3792677
"(736, 480) -> (768, 512)",8,3722717
"(736, 480) -> (768, 512)",16,4594533
"(736, 480) -> (768, 512)",32,7043977
"(768, 0) -> (800, 32)",4,4065461
"(768, 0) -> (800, 32)",8,3642821
"(768, 0) -> (800, 32)",16,4585383
"(768, 0) -> (800, 32)",32,6965607
"(768, 32) -> (800, 64)",4,4069061
"(768, 32) -> (800, 64)",8,3646121
"(768, 32) -> (800, 64)",16,4623831
"(768, 32) -> (800, 64)",32,7002679
"(768, 64) -> (800, 96)",4,3786677
"(768, 64) -> (800, 96)",8,3787313
"(768, 64) -> (800, 96)",16,4588533
"(768, 64) -> (800, 96)",32,7002679
"(768, 96) -> (800, 128)",4,3786677
"(768, 96) -> (800, 128)",8,3787313
"(768, 96) -> (800, 128)",16,4588533
"(768, 96) -> (800, 128)",32,7002679
"(768, 128) -> (800, 160)",4,3927869
"(768, 128) -> (800, 160)",8,3646121
"(768, 128) -> (800, 160)",16,4588533
"(768, 128) -> (800, 160)",32,7002679
"(768, 160) -> (800, 192)",4,4069061
"(768, 160) -> (800, 192)",8,3646121
"(768, 160) -> (800, 192)",16,4588533
"(768, 160) -> (800, 192)",32,7002679
"(768, 192) -> (800, 224)",4,3786677
"(768, 192) -> (800, 224)",8,3646121
"(768, 192) -> (800, 224)",16,4623831
"(768, 192) -> (800, 224)",32,7002679
"(768, 224) -> (800, 256)",4,4072061
"(768, 224) -> (800, 256)",8,3719717
"(768, 224) -> (800, 256)",16,4591533
"(768, 224) -> (800, 256)",32,7005679
"(768, 256) -> (800, 288)",4,3933869
"(768, 256) -> (800, 288)",8,3652121
"(768, 256) -> (800, 288)",16,4594533
"(768, 256) -> (800, 288)",32,7008679
"(768, 288) -> (800, 320)",4,4075061
"(768, 288) -> (800, 320)",8,3722717
"(768, 288) -> (800, 320)",16,4594533
"(768, 288) -> (800, 320)",32,7008679
"(768, 320) -> (800, 352)",4,3933869
"(768, 320) -> (800, 352)",8,3652121
"(768, 320) -> (800, 352)",16,4629831
"(768, 320) -> (800, 352)",32,7008679
"(768, 352) -> (800, 384)",4,3792677
"(768, 352) -> (800, 384)",8,3722717
"(768, 352) -> (800, 384)",16,4629831
"(768, 352) -> (800, 384)",32,7008679
"(768, 384) -> (800, 416)",4,4075061
"(768, 384) -> (800, 416)",8,3722717
"(768, 384) -> (800, 416)",16,4594533
"(768, 384) -> (800, 416)",32,7008679
"(768, 416) -> (800, 448)",4,3933869
"(768, 416) -> (800, 448)",8,3652121
"(768, 416) -> (800, 448)",16,4594533
"(768, 416) -> (800, 448)",32,7008679
"(768, 448) -> (800, 480)",4,3792677
"(768, 448) -> (800, 480)",8,3722717
"(768, 448) -> (800, 480)",16,4665129
"(768, 448) -> (800, 480)",32,7008679
"(768, 480) -> (800, 512)",4,3792677
"(768, 480) -> (800, 512)",8,3722717
"(768, 480) -> (800, 512)",16,4594533
"(768, 480) -> (800, 512)",32,7043977
"(800, 0) -> (832, 32)",4,4065461
"(800, 0) -> (832, 32)",8,3642821
"(800, 0) -> (832, 32)",16,4585383
"(800, 0) -> (832, 32)",32,6965607
"(800, 32) -> (832, 64)",4,4069061
"(800, 32) -> (832, 64)",8,3646121
"(800, 32) -> (832, 64)",16,4623831
"(800, 32) -> (832, 64)",32,7002679
"(800, 64) -> (832, 96)",4,3786677
"(800, 64) -> (832, 96)",8,3787313
"(800, 64) -> (832, 96)",16,4588533
"(800, 64) -> (832, 96)",32,7002679
"(800, 96) -> (832, 128)",4,3927869
"(800, 96) -> (832, 128)",8,3787313
"(800, 96) -> (832, 128)",16,4588533
"(800, 96) -> (832, 128)",32,7002679
"(800, 128) -> (832, 160)",4,3927869
"(800, 128) -> (832, 160)",8,3646121
"(800, 128) -> (832, 160)",16,4623831
"(800, 128) -> (832, 160)",32,7002679
"(800, 160) -> (832, 192)",4,4069061
"(800, 160) -> (832, 192)",8,3646121
"(800, 160) -> (832, 192)",16,4588533
"(800, 160) -> (832, 192)",32,7002679
"(800, 192) -> (832, 224)",4,3786677
"(800, 192) -> (832, 224)",8,3646121
"(800, 192) -> (832, 224)",16,4623831
"(800, 192) -> (832, 224)",32,7002679
"(800, 224) -> (832, 256)",4,4072061
"(800, 224) -> (832, 256)",8,3719717
"(800, 224) -> (832, 256)",16,4591533
"(800, 224) -> (832, 256)",32,7005679
"(800, 256) -> (832, 288)",4,4075061
"(800, 256) -> (832, 288)",8,3652121
"(800, 256) -> (832, 288)",16,4594533
"(800, 256) -> (832, 288)",32,7008679
"(800, 288) -> (832, 320)",4,4075061
"(800, 288) -> (832, 320)",8,3722717
"(800, 288) -> (832, 320)",16,4594533
"(800, 288) -> (832, 320)",32,7008679
"(800, 320) -> (832, 352)",4,3933869
"(800, 320) -> (832, 352)",8,3652121
"(800, 320) -> (832, 352)",16,4629831
"(800, 320) -> (832, 352)",32,7008679
"(800, 352) -> (832, 384)",4,3792677
"(800, 352) -> (832, 384)",8,3722717
"(800, 352) -> (832, 384)",16,4629831
"(800, 352) -> (832, 384)",32,7008679
"(800, 384) -> (832, 416)",4,4075061
"(800, 384) -> (832, 416)",8,3722717
"(800, 384) -> (832, 416)",16,4594533
"(800, 384) -> (832, 416)",32,7008679
"(800, 416) -> (832, 448)",4,3933869
"(800, 416) -> (832, 448)",8,3652121
"(800, 416) -> (832, 448)",16,4594533
"(800, 416) -> (832, 448)",32,7008679
"(800, 448) -> (832, 480)",4,3792677
"(800, 448) -> (832, 480)",8,3722717
"(800, 448) -> (832, 480)",16,4665129
"(800, 448) -> (832, 480)",32,7008679
"(800, 480) -> (832, 512)",4,3792677
"(800, 480) -> (832, 512)",8,3722717
"(800, 480) -> (832, 512)",16,4594533
"(800, 480) -> (832, 512)",32,7043977
"(832, 0) -> (864, 32)",4,4065461
"(832, 0) -> (864, 32)",8,3642821
"(832, 0) -> (864, 32)",16,4585383
"(832, 0) -> (864, 32)",32,6965607
"(832, 32) -> (864, 64)",4,4069061
"(832, 32) -> (864, 64)",8,3646121
"(832, 32) -> (864, 64)",16,4623831
"(832, 32) -> (864, 64)",32,7002679
"(832, 64) -> (864, 96)",4,3786677
"(832, 64) -> (864, 96)",8,3787313
"(832, 64) -> (864, 96)",16,4588533
"(832, 64) -> (864, 96)",32,7002679
"(832, 96) -> (864, 128)",4,3927869
"(832, 96) -> (864, 128)",8,3787313
"(832, 96) -> (864, 128)",16,4588533
"(832, 96) -> (864, 128)",32,7002679
"(832, 128) -> (864, 160)",4,3927869
"(832, 128) -> (864, 160)",8,3646121
"(832, 128) -> (864, 160)",16,4623831
"(832, 128) -> (864, 160)",32,7002679
"(832, 160) -> (864, 192)",4,4069061
"(832, 160) -> (864, 192)",8,3646121
"(832, 160) -> (864, 192)",16,4588533
"(832, 160) -> (864, 192)",32,7002679
"(832, 192) -> (864, 224)",4,3786677
"(832, 192) -> (864, 224)",8,3646121
"(832, 192) -> (864, 224)",16,4623831
"(832, 192) -> (864, 224)",32,7002679
"(832, 224) -> (864, 256)",4,4072061
"(832, 224) -> (864, 256)",8,3719717
"(832, 224) -> (864, 256)",16,4591533
"(832, 224) -> (864, 256)",32,7005679
"(832, 256) -> (864, 288)",4,4075061
"(832, 256) -> (864, 288)",8,3652121
"(832, 256) -> (864, 288)",16,4594533
"(832, 256) -> (864, 288)",32,7008679
"(832, 288) -> (864, 320)",4,4075061
"(832, 288) -> (864, 320)",8,3722717
"(832, 288) -> (864, 320)",16,4594533
"(832, 288) -> (864, 320)",32,7008679
"(832, 320) -> (864, 352)",4,3933869
"(832, 320) -> (864, 352)",8,3652121
"(832, 320) -> (864, 352)",16,4629831
"(832, 320) -> (864, 352)",32,7008679
"(832, 352) -> (864, 384)",4,3792677
"(832, 352) -> (864, 384)",8,3722717
"(832, 352) -> (864, 384)",16,4629831
"(832, 352) -> (864, 384)",32,7008679
"(832, 384) -> (864, 416)",4,4075061
"(832, 384) -> (864, 416)",8,3722717
"(832, 384) -> (864, 416)",16,4594533
"(832, 384) -> (864, 416)",32,7008679
"(832, 416) -> (864, 448)",4,3933869
"(832, 416) -> (864, 448)",8,3652121
"(832, 416) -> (864, 448)",16,4594533
"(832, 416) -> (864, 448)",32,7008679
"(832, 448) -> (864, 480)",4,3792677
"(832, 448) -> (864, 480)",8,3793313
"(832, 448) -> (864, 480)",16,4665129
"(832, 448) -> (864, 480)",32,7008679
"(832, 480) -> (864, 512)",4,3792677
"(832, 480) -> (864, 512)",8,3722717
"(832, 480) -> (864, 512)",16,4594533
"(832, 480) -> (864, 512)",32,7043977
"(864, 0) -> (896, 32)",4,4065461
"(864, 0) -> (896, 32)",8,3642821
"(864, 0) -> (896, 32)",16,4585383
"(864, 0) -> (896, 32)",32,6965607
"(864, 32) -> (896, 64)",4,4069061
"(864, 32) -> (896, 64)",8,3646121
"(864, 32) -> (896, 64)",16,4623831
"(864, 32) -> (896, 64)",32,7002679
"(864, 64) -> (896, 96)",4,3786677
"(864, 64) -> (896, 96)",8,3787313
"(864, 64) -> (896, 96)",16,4588533
"(864, 64) -> (896, 96)",32,7002679
"(864, 96) -> (896, 128)",4,3927869
"(864, 96) -> (896, 128)",8,3787313
"(864, 96) -> (896, 128)",16,4588533
"(864, 96) -> (896, 128)",32,7002679
"(864, 128) -> (896, 160)",4,3927869
"(864, 128) -> (896, 160)",8,3646121
"(864, 128) -> (896, 160)",16,4623831
"(864, 128) -> (896, 160)",32,7002679
"(864, 160) -> (896, 192)",4,4069061
"(864, 160) -> (896, 192)",8,3646121
"(864, 160) -> (896, 192)",16,4588533
"(864, 160) -> (896, 192)",32,7002679
"(864, 192) -> (896, 224)",4,3786677
"(864, 192) -> (896, 224)",8,3646121
"(864, 192) -> (896, 224)",16,4623831
"(864, 192) -> (896, 224)",32,7002679
"(864, 224) -> (896, 256)",4,4072061
"(864, 224) -> (896, 256)",8,3719717
"(864, 224) -> (896, 256)",16,4591533
"(864, 224) -> (896, 256)",32,7005679
"(864, 256) -> (896, 288)",4,4075061
"(864, 256) -> (896, 288)",8,3652121
"(864, 256) -> (896, 288)",16,4594533
"(864, 256) -> (896, 288)",32,7008679
"(864, 288) -> (896, 320)",4,4075061
"(864, 288) -> (896, 320)",8,3722717
"(864, 288) -> (896, 320)",16,4594533
"(864, 288) -> (896, 320)",32,7008679
"(864, 320) -> (896, 352)",4,3933869
"(864, 320) -> (896, 352)",8,3652121
"(864, 320) -> (896, 352)",16,4629831
"(864, 320) -> (896, 352)",32,7008679
"(864, 352) -> (896, 384)",4,3933869
"(864, 352) -> (896, 384)",8,3722717
"(864, 352) -> (896, 384)",16,4629831
"(864, 352) -> (896, 384)",32,7008679
"(864, 384) -> (896, 416)",4,4075061
"(864, 384) -> (896, 416)",8,3722717
"(864, 384) -> (896, 416)",16,4594533
"(864, 384) -> (896, 416)",32,7043977
"(864, 416) -> (896, 448)",4,3933869
"(864, 416) -> (896, 448)",8,3652121
"(864, 416) -> (896, 448)",16,4594533
"(864, 416) -> (896, 448)",32,7008679
"(864, 448) -> (896, 480)",4,3792677
"(864, 448) -> (896, 480)",8,3793313
"(864, 448) -> (896, 480)",16,4665129
"(864, 448) -> (896, 480)",32,7008679
"(864, 480) -> (896, 512)",4,3792677
"(864, 480) -> (896, 512)",8,3722717
"(864, 480) -> (896, 512)",16,4594533
"(864, 480) -> (896, 512)",32,7043977
"(896, 0) -> (928, 32)",4,4065461
"(896, 0) -> (928, 32)",8,3642821
"(896, 0) -> (928, 32)",16,4585383
"(896, 0) -> (928, 32)",32,6965607
"(896, 32) -> (928, 64)",4,4069061
"(896, 32) -> (928, 64)",8,3646121
"(896, 32) -> (928, 64)",16,4623831
"(896, 32) -> (928, 64)",32,7002679
"(896, 64) -> (928, 96)",4,3786677
"(896, 64) -> (928, 96)",8,3787313
"(896, 64) -> (928, 96)",16,4588533
"(896, 64) -> (928, 96)",32,7002679
"(896, 96) -> (928, 128)",4,4069061
"(896, 96) -> (928, 128)",8,3787313
"(896, 96) -> (928, 128)",16,4588533
"(896, 96) -> (928, 128)",32,7002679
"(896, 128) -> (928, 160)",4,3927869
"(896, 128) -> (928, 160)",8,3646121
"(896, 128) -> (928, 160)",16,4623831
"(896, 128) -> (928, 160)",32,7002679
"(896, 160) -> (928, 192)",4,4069061
"(896, 160) -> (928, 192)",8,3646121
"(896, 160) -> (928, 192)",16,4588533
"(896, 160) -> (928, 192)",32,7002679
"(896, 192) -> (928, 224)",4,3786677
"(896, 192) -> (928, 224)",8,3646121
"(896, 192) -> (928, 224)",16,4623831
"(896, 192) -> (928, 224)",32,7002679
"(896, 224) -> (928, 256)",4,4072061
"(896, 224) -> (928, 256)",8,3719717
"(896, 224) -> (928, 256)",16,4591533
"(896, 224) -> (928, 256)",32,7005679
"(896, 256) -> (928, 288)",4,4075061
"(896, 256) -> (928, 288)",8,3652121
"(896, 256) -> (928, 288)",16,4594533
"(896, 256) -> (928, 288)",32,7008679
"(896, 288) -> (928, 320)",4,4075061
"(896, 288) -> (928, 320)",8,3722717
"(896, 288) -> (928, 320)",16,4594533
"(896, 288) -> (928, 320)",32,7008679
"(896, 320) -> (928, 352)",4,3933869
"(896, 320) -> (928, 352)",8,3652121
"(896, 320) -> (928, 352)",16,4629831
"(896, 320) -> (928, 352)",32,7008679
"(896, 352) -> (928, 384)",4,3933869
"(896, 352) -> (928, 384)",8,3722717
"(896, 352) -> (928, 384)",16,4629831
"(896, 352) -> (928, 384)",32,7008679
"(896, 384) -> (928, 416)",4,4075061
"(896, 384) -> (928, 416)",8,3722717
"(896, 384) -> (928, 416)",16,4594533
"(896, 384) -> (928, 416)",32,7043977
"(896, 416) -> (928, 448)",4,3933869
"(896, 416) -> (928, 448)",8,3652121
"(896, 416) -> (928, 448)",16,4594533
"(896, 416) -> (928, 448)",32,7008679
"(896, 448) -> (928, 480)",4,3792677
"(896, 448) -> (928, 480)",8,3793313
"(896, 448) -> (928, 480)",16,4665129
"(896, 448) -> (928, 480)",32,7008679
"(896, 480) -> (928, 512)",4,3792677
"(896, 480) -> (928, 512)",8,3722717
"(896, 480) -> (928, 512)",16,4594533
"(896, 480) -> (928, 512)",32,7043977
"(928, 0) -> (960, 32)",4,4065461
"(928, 0) -> (960, 32)",8,3642821
"(928, 0) -> (960, 32)",16,4585383
"(928, 0) -> (960, 32)",32,6965607
"(928, 32) -> (960, 64)",4,4069061
"(928, 32) -> (960, 64)",8,3646121
"(928, 32) -> (960, 64)",16,4623831
"(928, 32) -> (960, 64)",32,7002679
"(928, 64) -> (960, 96)",4,3786677
"(928, 64) -> (960, 96)",8,3787313
"(928, 64) -> (960, 96)",16,4588533
"(928, 64) -> (960, 96)",32,7002679
"(928, 96) -> (960, 128)",4,4069061
"(928, 96) -> (960, 128)",8,3787313
"(928, 96) -> (960, 128)",16,4588533
"(928, 96) -> (960, 128)",32,7002679
"(928, 128) -> (960, 160)",4,3927869
"(928, 128) -> (960, 160)",8,3646121
"(928, 128) -> (960, 160)",16,4623831
"(928, 128) -> (960, 160)",32,7002679
"(928, 160) -> (960, 192)",4,4069061
"(928, 160) -> (960, 192)",8,3646121
"(928, 160) -> (960, 192)",16,4588533
"(928, 160) -> (960, 192)",32,7002679
"(928, 192) -> (960, 224)",4,3786677
"(928, 192) -> (960, 224)",8,3646121
"(928, 192) -> (960, 224)",16,4623831
"(928, 192) -> (960, 224)",32,7002679
"(928, 224) -> (960, 256)",4,4072061
"(928, 224) -> (960, 256)",8,3719717
"(928, 224) -> (960, 256)",16,4591533
"(928, 224) -> (960, 256)",32,7005679
"(928, 256) -> (960, 288)",4,4075061
"(928, 256) -> (960, 288)",8,3652121
"(928, 256) -> (960, 288)",16,4594533
"(928, 256) -> (960, 288)",32,7008679
"(928, 288) -> (960, 320)",4,4075061
"(928, 288) -> (960, 320)",8,3722717
"(928, 288) -> (960, 320)",16,4594533
"(928, 288) -> (960, 320)",32,7008679
"(928, 320) -> (960, 352)",4,3933869
"(928, 320) -> (960, 352)",8,3652121
"(928, 320) -> (960, 352)",16,4629831
"(928, 320) -> (960, 352)",32,7008679
"(928, 352) -> (960, 384)",4,3933869
"(928, 352) -> (960, 384)",8,3722717
"(928, 352) -> (960, 384)",16,4629831
"(928, 352) -> (960, 384)",32,7008679
"(928, 384) -> (960, 416)",4,4075061
"(928, 384) -> (960, 416)",8,3722717
"(928, 384) -> (960, 416)",16,4594533
"(928, 384) -> (960, 416)",32,7043977
"(928, 416) -> (960, 448)",4,3933869
"(928, 416) -> (960, 448)",8,3652121
"(928, 416) -> (960, 448)",16,4594533
"(928, 416) -> (960, 448)",32,7008679
"(928, 448) -> (960, 480)",4,3792677
"(928, 448) -> (960, 480)",8,3793313
"(928, 448) -> (960, 480)",16,4665129
"(928, 448) -> (960, 480)",32,7008679
"(928, 480) -> (960, 512)",4,3792677
"(928, 480) -> (960, 512)",8,3722717
"(928, 480) -> (960, 512)",16,4594533
"(928, 480) -> (960, 512)",32,7043977
"(960, 0) -> (992, 32)",4,4065461
"(960, 0) -> (992, 32)",8,3642821
"(960, 0) -> (992, 32)",16,4585383
"(960, 0) -> (992, 32)",32,6965607
"(960, 32) -> (992, 64)",4,4069061
"(960, 32) -> (992, 64)",8,3646121
"(960, 32) -> (992, 64)",16,4623831
"(960, 32) -> (992, 64)",32,7002679
"(960, 64) -> (992, 96)",4,3786677
"(960, 64) -> (992, 96)",8,3787313
"(960, 64) -> (992, 96)",16,4588533
"(960, 64) -> (992, 96)",32,7002679
"(960, 96) -> (992, 128)",4,4069061
"(960, 96) -> (992, 128)",8,3787313
"(960, 96) -> (992, 128)",16,4588533
"(960, 96) -> (992, 128)",32,7002679
"(960, 128) -> (992, 160)",4,3927869
"(960, 128) -> (992, 160)",8,3646121
"(960, 128) -> (992, 160)",16,4623831
"(960, 128) -> (992, 160)",32,7002679
"(960, 160) -> (992, 192)",4,4069061
"(960, 160) -> (992, 192)",8,3646121
"(960, 160) -> (992, 192)",16,4588533
"(960, 160) -> (992, 192)",32,7002679
"(960, 192) -> (992, 224)",4,3786677
"(960, 192) -> (992, 224)",8,3646121
"(960, 192) -> (992, 224)",16,4623831
"(960, 192) -> (992, 224)",32,7002679
"(960, 224) -> (992, 256)",4,4072061
"(960, 224) -> (992, 256)",8,3719717
"(960, 224) -> (992, 256)",16,4591533
"(960, 224) -> (992, 256)",32,7005679
"(960, 256) -> (992, 288)",4,4075061
"(960, 256) -> (992, 288)",8,3652121
"(960, 256) -> (992, 288)",16,4594533
"(960, 256) -> (992, 288)",32,7008679
"(960, 288) -> (992, 320)",4,4075061
"(960, 288) -> (992, 320)",8,3722717
"(960, 288) -> (992, 320)",16,4594533
"(960, 288) -> (992, 320)",32,7008679
"(960, 320) -> (992, 352)",4,3933869
"(960, 320) -> (992, 352)",8,3652121
"(960, 320) -> (992, 352)",16,4629831
"(960, 320) -> (992, 352)",32,7008679
"(960, 352) -> (992, 384)",4,3933869
"(960, 352) -> (992, 384)",8,3722717
"(960, 352) -> (992, 384)",16,4629831
"(960, 352) -> (992, 384)",32,7008679
"(960, 384) -> (992, 416)",4,4075061
"(960, 384) -> (992, 416)",8,3722717
"(960, 384) -> (992, 416)",16,4594533
"(960, 384) -> (992, 416)",32,7043977
"(960, 416) -> (992, 448)",4,3933869
"(960, 416) -> (992, 448)",8,3652121
"(960, 416) -> (992, 448)",16,4594533
"(960, 416) -> (992, 448)",32,7008679
"(960, 448) -> (992, 480)",4,3792677
"(960, 448) -> (992, 480)",8,3793313
"(960, 448) -> (992, 480)",16,4665129
"(960, 448) -> (992, 480)",32,7008679
"(960, 480) -> (992, 512)",4,3792677
"(960, 480) -> (992, 512)",8,3722717
"(960, 480) -> (992, 512)",16,4594533
"(960, 480) -> (992, 512)",32,7043977
"(992, 0) -> (1024, 32)",4,4065461
"(992, 0) -> (1024, 32)",8,3642821
"(992, 0) -> (1024, 32)",16,4585383
"(992, 0) -> (1024, 32)",32,6965607
"(992, 32) -> (1024, 64)",4,4069061
"(992, 32) -> (1024, 64)",8,3646121
"(992, 32) -> (1024, 64)",16,4623831
"(992, 32) -> (1024, 64)",32,7002679
"(992, 64) -> (1024, 96)",4,3786677
"(992, 64) -> (1024, 96)",8,3787313
"(992, 64) -> (1024, 96)",16,4588533
"(992, 64) -> (1024, 96)",32,7002679
"(992, 96) -> (1024, 128)",4,4069061
"(992, 96) -> (1024, 128)",8,3787313
"(992, 96) -> (1024, 128)",16,4588533
"(992, 96) -> (1024, 128)",32,7002679
"(992, 128) -> (1024, 160)",4,3927869
"(992, 128) -> (1024, 160)",8,3646121
"(992, 128) -> (1024, 160)",16,4623831
"(992, 128) -> (1024, 160)",32,7002679
"(992, 160) -> (1024, 192)",4,4069061
"(992, 160) -> (1024, 192)",8,3646121
"(992, 160) -> (1024, 192)",16,4588533
"(992, 160) -> (1024, 192)",32,7002679
"(992, 192) -> (1024, 224)",4,3927869
"(992, 192) -> (1024, 224)",8,3646121
"(992, 192) -> (1024, 224)",16,4623831
"(992, 192) -> (1024, 224)",32,7002679
"(992, 224) -> (1024, 256)",4,4072061
"(992, 224) -> (1024, 256)",8,3719717
"(992, 224) -> (1024, 256)",16,4591533
"(992, 224) -> (1024, 256)",32,7005679
"(992, 256) -> (1024, 288)",4,4075061
"(992, 256) -> (1024, 288)",8,3652121
"(992, 256) -> (1024, 288)",16,4594533
"(992, 256) -> (1024, 288)",32,7008679
"(992, 288) -> (1024, 320)",4,4075061
"(992, 288) -> (1024, 320)",8,3722717
"(992, 288) -> (1024, 320)",16,4594533
"(992, 288) -> (1024, 320)",32,7008679
"(992, 320) -> (1024, 352)",4,3933869
"(992, 320) -> (1024, 352)",8,3652121
"(992, 320) -> (1024, 352)",16,4629831
"(992, 320) -> (1024, 352)",32,7008679
"(992, 352) -> (1024, 384)",4,3933869
"(992, 352) -> (1024, 384)",8,3722717
"(992, 352) -> (1024, 384)",16,4629831
"(992, 352) -> (1024, 384)",32,7008679
"(992, 384) -> (1024, 416)",4,4075061
"(992, 384) -> (1024, 416)",8,3722717
"(992, 384) -> (1024, 416)",16,4594533
"(992, 384) -> (1024, 416)",32,7043977
"(992, 416) -> (1024, 448)",4,3933869
"(992, 416) -> (1024, 448)",8,3652121
"(992, 416) -> (1024, 448)",16,4594533
"(992, 416) -> (1024, 448)",32,7008679
"(992, 448) -> (1024, 480)",4,3792677
"(992, 448) -> (1024, 480)",8,3793313
"(992, 448) -> (1024, 480)",16,4665129
"(992, 448) -> (1024, 480)",32,7008679
"(992, 480) -> (1024, 512)",4,3792677
"(992, 480) -> (1024, 512)",8,3722717
"(992, 480) -> (1024, 512)",16,4594533
"(992, 480) -> (1024, 512)",32,7043977
